,Height,Weight,OW
0,1.62,64.0,False
1,1.52,56.0,False
2,1.8,77.0,False
3,1.8,87.0,True
4,1.78,89.8,True
5,1.62,53.0,False
6,1.5,55.0,False
7,1.64,53.0,False
8,1.78,64.0,False
9,1.72,68.0,False
10,1.85,105.0,True
11,1.72,80.0,True
12,1.65,56.0,False
13,1.8,99.0,True
14,1.77,60.0,False
15,1.7,66.0,False
16,1.93,102.0,True
17,1.53,78.0,True
18,1.71,82.0,True
19,1.65,70.0,True
20,1.65,80.0,True
21,1.69,87.0,True
22,1.65,60.0,False
23,1.6,82.0,True
24,1.85,68.0,False
25,1.6,50.0,False
26,1.7,65.0,False
27,1.6,52.0,False
28,1.75,76.0,False
29,1.68,70.0,False
30,1.77,83.0,True
31,1.58,68.0,True
32,1.77,76.0,False
33,1.79,90.0,True
34,1.65,62.0,False
35,1.5,65.0,True
36,1.56,49.0,False
37,1.6,48.0,False
38,1.65,67.0,False
39,1.75,88.0,True
40,1.67,75.0,True
41,1.68,60.0,False
42,1.66,64.0,False
43,1.66,62.0,False
44,1.81,80.0,False
45,1.53,65.0,True
46,1.82,72.0,False
47,1.75,72.0,False
48,1.66,60.0,False
49,1.55,50.0,False
50,1.61,54.5,False
51,1.5,44.0,False
52,1.64,52.0,False
53,1.63,55.0,False
54,1.6,55.0,False
55,1.68,62.0,False
56,1.7,70.0,False
57,1.64,65.0,False
58,1.65,67.0,False
60,1.55,49.0,False
61,1.65,58.0,False
62,1.67,62.0,False
63,1.68,55.0,False
64,1.66,57.0,False
65,1.62,69.0,True
66,1.8,90.0,True
67,1.65,95.0,True
68,1.76,112.0,True
69,1.8,60.0,False
70,1.65,80.0,True
72,1.65,60.0,False
73,1.85,65.0,False
74,1.7,85.0,True
77,1.7,80.0,True
78,1.65,90.0,True
79,1.65,60.0,False
80,1.63,58.0,False
81,1.8,91.0,True
82,1.67,85.5,True
84,1.7,83.0,True
85,1.65,58.5,False
86,1.85,83.0,False
87,1.82,87.0,True
88,1.65,65.0,False
89,1.7,78.0,True
90,1.63,93.0,True
91,1.61,64.0,False
92,1.78,84.0,True
93,1.6,57.0,False
94,1.6,48.0,False
95,1.7,70.0,False
96,1.66,60.0,False
99,1.72,70.0,False
100,1.69,63.0,False
101,1.7,66.4,False
102,1.55,57.0,False
103,1.65,58.0,False
104,1.56,80.0,True
105,1.57,55.0,False
106,1.57,55.0,False
107,1.88,90.0,True
108,1.75,95.0,True
109,1.65,88.0,True
110,1.75,75.0,False
111,1.58,58.0,False
112,1.56,51.0,False
113,1.5,49.0,False
114,1.61,62.0,False
115,1.75,57.0,False
116,1.65,86.0,True
117,1.7,85.0,True
118,1.62,53.0,False
119,1.63,76.0,True
120,1.67,75.0,True
121,1.87,95.0,True
123,1.66,67.0,False
124,1.76,90.0,True
125,1.75,80.0,True
126,1.67,68.0,False
127,1.65,61.0,False
128,1.72,70.0,False
129,1.7,78.0,True
130,1.58,53.0,False
131,1.62,58.0,False
132,1.65,56.0,False
133,1.65,66.0,False
134,1.77,109.0,True
135,1.7,75.0,True
136,1.79,72.0,False
137,1.6,80.0,True
138,1.76,75.0,False
139,1.7,68.0,False
141,1.87,66.0,False
142,1.74,93.5,True
143,1.68,75.0,True
144,1.61,67.0,True
145,1.62,70.0,True
146,1.56,51.0,False
147,1.63,80.0,True
148,1.6,61.0,False
149,1.67,90.0,True
150,1.78,78.0,False
151,1.62,59.0,False
152,1.5,60.0,True
153,1.69,84.0,True
154,1.74,94.0,True
155,1.68,63.0,False
156,1.53,45.0,False
157,1.67,60.0,False
158,1.55,62.0,True
159,1.64,78.0,True
160,1.83,72.0,False
161,1.65,80.0,True
162,1.63,60.0,False
163,1.89,75.0,False
164,1.77,85.0,True
165,1.92,130.0,True
166,1.74,72.0,False
167,1.65,80.0,True
168,1.73,79.0,True
169,1.63,77.0,True
170,1.72,82.0,True
171,1.6,58.0,False
172,1.65,59.0,False
173,1.74,64.0,False
174,1.62,70.0,True
175,1.64,59.8,False
176,1.57,48.0,False
177,1.84,84.0,False
178,1.91,84.0,False
179,1.62,70.0,True
180,1.58,48.0,False
181,1.68,67.0,False
183,1.48,60.0,True
184,1.62,70.0,True
185,1.62,68.0,True
186,1.78,96.0,True
187,1.78,98.0,True
188,1.78,105.0,True
189,1.63,62.0,False
190,1.6,56.0,False
191,1.75,80.0,True
192,1.83,85.0,True
193,1.78,68.0,False
194,1.6,83.0,True
195,1.8,85.0,True
196,1.75,74.0,False
197,1.75,118.0,True
199,1.66,60.0,False
200,1.63,83.0,True
201,1.54,80.0,True
202,1.56,102.0,True
203,1.69,90.0,True
204,1.83,71.0,False
205,1.6,78.0,True
206,1.75,100.0,True
207,1.75,73.0,False
208,1.69,65.0,False
209,1.69,65.0,False
210,1.8,114.0,True
211,1.63,51.0,False
212,1.5,63.0,True
213,1.8,62.0,False
214,1.65,53.0,False
215,1.68,70.0,False
216,1.6,63.0,False
217,1.71,75.0,True
218,1.5,42.3,False
219,1.6,68.0,True
220,1.75,78.0,True
221,1.72,82.0,True
222,1.72,66.5,False
223,1.61,63.0,False
224,1.63,82.0,True
225,1.83,121.0,True
226,1.6,50.0,False
227,1.62,58.0,False
228,1.68,80.0,True
229,1.75,120.0,True
230,1.9,91.0,True
231,1.63,66.0,False
232,1.59,50.0,False
233,1.68,77.0,True
234,1.59,49.0,False
235,1.69,70.0,False
236,1.66,59.0,False
237,1.64,53.0,False
238,1.62,53.0,False
239,1.7,64.0,False
240,1.63,65.0,False
241,1.6,66.0,True
242,1.63,64.0,False
243,1.85,99.0,True
244,1.54,49.0,False
246,1.57,60.0,False
247,1.62,52.0,False
248,1.72,72.0,False
249,1.76,78.0,True
250,1.65,75.0,True
251,1.67,78.0,True
252,1.79,90.0,True
253,1.59,47.0,False
254,1.64,56.0,False
255,1.78,81.0,True
256,1.75,85.0,True
257,1.85,115.0,True
258,1.7,80.0,True
259,1.67,91.0,True
260,1.72,75.0,True
261,1.7,73.0,True
262,1.74,70.0,False
264,1.87,67.0,False
267,1.7,78.0,True
268,1.67,60.0,False
269,1.72,66.0,False
270,1.82,107.0,True
271,1.5,50.0,False
272,1.7,60.0,False
273,1.71,71.0,False
274,1.61,61.0,False
275,1.5,50.0,False
277,1.82,67.0,False
278,1.57,57.0,False
280,1.75,62.0,False
281,1.7,55.0,False
282,1.62,55.0,False
283,1.69,60.0,False
284,1.77,70.0,False
285,1.79,105.0,True
286,1.6,61.0,False
287,1.6,58.0,False
288,1.56,51.0,False
289,1.88,79.0,False
290,1.82,71.0,False
292,1.7,65.0,False
293,1.82,75.0,False
294,1.86,110.0,True
295,1.66,58.0,False
296,1.53,53.0,False
297,1.74,80.0,True
298,1.8,80.0,False
299,1.7,75.0,True
300,1.7,70.0,False
301,1.72,55.0,False
303,1.57,49.0,False
304,1.8,85.0,True
305,1.75,120.0,True
306,1.56,60.0,False
307,1.59,48.0,False
308,1.8,75.0,False
309,1.66,58.0,False
311,1.72,62.0,False
312,1.6,57.0,False
313,1.66,56.0,False
314,1.65,63.0,False
315,1.7,72.0,False
316,1.75,75.0,False
317,1.75,70.0,False
318,1.56,45.0,False
319,1.55,63.0,True
320,1.67,67.0,False
321,1.75,75.0,False
323,1.8,72.0,False
324,1.65,71.0,True
325,1.55,58.0,False
326,1.7,55.3,False
327,1.72,76.0,True
328,1.74,74.0,False
329,1.65,82.0,True
331,1.74,56.0,False
332,1.85,75.0,False
333,1.7,56.0,False
334,1.45,53.0,True
336,1.7,65.0,False
337,1.78,64.4,False
338,1.6,65.0,True
340,1.8,72.0,False
341,1.6,50.0,False
342,1.74,105.0,True
343,1.65,66.0,False
344,1.87,173.0,True
345,1.7,55.0,False
346,1.54,47.0,False
347,1.8,97.0,True
348,1.82,80.0,False
349,1.98,125.0,True
350,1.75,70.0,False
351,1.65,60.0,False
352,1.6,53.0,False
353,1.6,51.0,False
354,1.6,59.0,False
355,1.55,62.0,True
357,1.7,56.0,False
358,1.75,110.0,True
359,1.56,48.0,False
360,1.87,75.0,False
361,1.56,80.0,True
362,1.65,73.0,True
363,1.8,80.0,False
364,1.84,86.0,True
365,1.7,68.0,False
366,1.72,83.0,True
367,1.58,63.0,True
368,1.68,83.0,True
369,1.58,74.0,True
370,1.8,60.0,False
371,1.62,69.0,True
372,1.62,58.0,False
373,1.54,56.0,False
374,1.76,70.0,False
375,1.8,92.0,True
376,1.58,60.0,False
377,1.76,68.0,False
378,1.73,70.0,False
379,1.7,70.0,False
380,1.7,83.0,True
381,1.8,75.0,False
382,1.6,56.0,False
383,1.7,98.0,True
384,1.6,60.0,False
385,1.55,45.0,False
386,1.59,53.0,False
387,1.5,75.0,True
388,1.78,108.0,True
389,1.61,65.0,True
392,1.76,69.5,False
393,1.7,78.0,True
394,1.53,55.0,False
396,1.55,59.0,False
397,1.66,60.0,False
398,1.85,125.0,True
399,1.65,60.0,False
400,1.65,70.0,True
401,1.83,82.0,False
402,1.83,99.0,True
403,1.66,112.0,True
404,1.78,73.0,False
405,1.74,86.0,True
406,1.76,66.5,False
407,1.51,59.0,True
408,1.81,79.0,False
409,1.55,55.0,False
410,1.83,66.0,False
411,1.6,65.0,True
412,1.85,85.0,False
413,1.75,85.0,True
414,1.83,113.0,True
415,1.71,72.0,False
416,1.84,88.0,True
417,1.77,87.0,True
418,1.7,90.0,True
419,1.62,89.0,True
422,1.75,58.0,False
423,1.85,93.0,True
424,1.74,76.0,True
425,1.61,53.8,False
426,1.75,70.0,False
427,1.67,60.0,False
428,1.7,69.0,False
429,1.9,80.0,False
430,1.65,85.0,True
431,1.6,55.0,False
432,1.8,70.0,False
433,1.64,59.0,False
434,1.89,87.0,False
435,1.76,80.0,True
436,1.56,55.0,False
437,1.6,56.0,False
438,1.67,64.0,False
439,1.6,60.0,False
440,1.55,56.0,False
441,1.55,50.0,False
442,1.72,65.0,False
444,1.7,60.0,False
445,1.51,45.0,False
446,1.83,82.0,False
447,1.8,87.0,True
448,1.6,100.5,True
449,1.63,63.0,False
450,1.71,71.0,False
451,1.7,65.0,False
452,1.75,69.0,False
453,1.62,50.0,False
454,1.68,68.0,False
455,1.85,66.0,False
456,1.59,60.0,False
457,1.5,45.0,False
458,1.69,60.0,False
459,1.76,79.0,True
460,1.62,55.0,False
461,1.71,100.0,True
462,1.72,88.0,True
463,1.8,68.0,False
464,1.93,86.0,False
465,1.6,51.0,False
466,1.74,75.0,False
467,1.74,75.0,False
470,1.56,51.5,False
471,1.6,83.0,True
472,1.54,71.0,True
473,1.63,51.0,False
474,1.78,64.0,False
475,1.62,68.0,True
476,1.71,75.0,True
477,1.64,56.0,False
478,1.69,65.0,False
479,1.58,50.0,False
480,1.57,50.0,False
481,1.74,64.0,False
482,1.58,53.5,False
483,1.5,58.0,True
484,1.65,80.0,True
485,1.8,73.0,False
486,1.75,75.0,False
487,1.84,104.0,True
488,1.88,84.0,False
489,1.56,50.0,False
490,1.75,84.0,True
491,1.66,68.0,False
492,1.7,86.0,True
493,1.8,65.0,False
494,1.67,66.0,False
495,1.8,60.0,False
497,1.56,45.0,False
498,1.686306,104.572712,True
499,1.683124,126.67378,True
500,1.622397,110.79263,True
501,1.755643,137.796884,True
502,1.843419,165.057269,True
503,1.7456,133.03441,True
504,1.630927,111.485516,True
505,1.629191,104.826776,True
506,1.770612,133.963349,True
745,1.816298,86.963765,True
746,1.638085,70.0,True
747,1.813678,85.637789,True
748,1.697228,75.5771,True
749,1.617469,68.869791,True
750,1.855543,88.965521,True
751,1.721854,82.919584,True
752,1.855353,86.413388,True
753,1.696336,75.0,True
754,1.751631,80.0,True
755,1.698346,75.0,True
756,1.642971,74.803157,True
757,1.613668,68.126955,True
758,1.605404,68.226511,True
759,1.529834,62.903938,True
760,1.55,62.337721,True
761,1.731261,78.175706,True
762,1.629194,70.0,True
763,1.62,70.0,True
764,1.62,70.0,True
765,1.633491,68.803694,True
766,1.752391,79.109637,True
767,1.818226,85.833029,True
768,1.809101,85.0,True
769,1.709484,75.0,True
770,1.607082,67.722222,True
771,1.718939,75.951472,True
772,1.831357,89.652557,True
773,1.6,66.401407,True
774,1.754813,77.929204,True
775,1.778447,80.273807,True
776,1.709561,75.0,True
777,1.674568,71.602622,True
778,1.755317,82.228794,True
779,1.708071,75.0,True
780,1.806947,85.079589,True
781,1.599697,64.808022,True
782,1.721903,72.748903,True
783,1.712556,75.480764,True
784,1.551288,54.93242,True
785,1.603842,65.0,True
786,1.588597,62.339003,True
787,1.673482,73.193589,True
788,1.858624,88.675503,True
789,1.593894,63.320629,True
790,1.62,69.529625,True
791,1.616366,67.183128,True
792,1.637396,70.0,True
793,1.550723,60.628321,True
794,1.6,65.0,True
795,1.820471,87.668828,True
796,1.657496,73.641633,True
797,1.752123,80.0,True
798,1.857231,88.138777,True
799,1.76,79.544998,True
800,1.644682,68.392133,True
801,1.737165,76.699774,True
802,1.507853,64.259379,True
803,1.81006,87.286783,True
804,1.80179,86.981202,True
805,1.625891,70.0,True
806,1.64037,70.0,True
807,1.791047,83.26312,True
808,1.679306,75.0,True
809,1.615145,68.653347,True
810,1.616467,68.77185,True
811,1.816783,86.522799,True
812,1.812472,86.748295,True
813,1.768231,75.62931,True
814,1.870931,89.251639,True
815,1.863685,89.558854,True
816,1.670227,75.0,True
817,1.717288,75.948164,True
818,1.750359,79.828725,True
819,1.707557,75.306702,True
820,1.672446,74.812707,True
821,1.675979,74.959747,True
822,1.611239,67.939653,True
823,1.611356,68.06609,True
824,1.62,70.0,True
825,1.508908,63.183846,True
826,1.561109,62.871794,True
827,1.554728,63.011645,True
828,1.730182,78.55444,True
829,1.743841,78.88036,True
830,1.62,70.0,True
831,1.62,70.0,True
832,1.62,70.0,True
833,1.62,70.0,True
834,1.62,70.0,True
835,1.642506,69.906708,True
836,1.69308,71.927379,True
837,1.752115,79.414603,True
838,1.745033,80.0,True
839,1.820643,85.0,True
840,1.80733,85.073801,True
841,1.8,85.0,True
842,1.814255,85.255631,True
843,1.700181,75.057177,True
844,1.604697,68.016472,True
845,1.611,68.107866,True
846,1.754497,77.956921,True
847,1.752944,77.965532,True
848,1.859927,87.105828,True
849,1.896073,90.52446,True
850,1.605314,66.621646,True
851,1.758628,78.370039,True
852,1.755427,78.300084,True
853,1.779882,80.091886,True
854,1.712061,75.0,True
855,1.676014,75.0,True
856,1.7,74.244004,True
857,1.765874,82.045045,True
858,1.74595,80.018571,True
859,1.690196,75.0,True
860,1.81748,85.0,True
861,1.580964,65.363941,True
862,1.652084,73.575981,True
863,1.645511,69.168978,True
864,1.707968,75.383716,True
865,1.456346,55.523481,True
866,1.498561,55.376512,True
867,1.603501,65.0,True
868,1.558045,63.597633,True
869,1.55,62.877347,True
870,1.647514,73.91692,True
871,1.855779,86.098523,True
872,1.853223,87.083266,True
873,1.570811,62.211572,True
874,1.617124,67.913561,True
875,1.644053,67.439589,True
876,1.608914,65.0,True
877,1.647971,68.818893,True
878,1.624831,69.975607,True
879,1.508267,61.10403,True
880,1.518917,60.267427,True
881,1.6,65.0,True
882,1.838791,87.85785,True
883,1.730379,75.920519,True
884,1.759117,80.0,True
885,1.755254,80.0,True
886,1.804099,85.196279,True
887,1.813567,86.144904,True
888,1.75655,78.721696,True
889,1.756774,79.989789,True
890,1.62,69.3899,True
891,1.709585,75.0,True
892,1.535618,57.259124,True
893,1.818848,87.032398,True
894,1.817641,87.107317,True
895,1.636592,70.0,True
896,1.621412,70.0,True
897,1.802871,85.770013,True
898,1.696201,75.399191,True
899,1.694633,75.0522,True
900,1.618148,68.981403,True
901,1.856811,88.633616,True
902,1.738321,86.934846,True
903,1.739293,80.914382,True
904,1.807538,85.316125,True
905,1.849425,85.228116,True
906,1.712473,75.0,True
907,1.753471,80.0,True
908,1.717432,75.371244,True
909,1.677573,75.0,True
910,1.679725,74.885222,True
911,1.600914,68.058902,True
912,1.617749,68.908136,True
913,1.610209,68.865008,True
914,1.612556,69.463458,True
915,1.548178,62.341438,True
916,1.568441,62.855073,True
917,1.532322,62.417228,True
918,1.730199,78.997062,True
919,1.730167,78.429312,True
920,1.627396,70.0,True
921,1.62,70.0,True
922,1.62,70.0,True
923,1.62,70.0,True
924,1.638744,69.242354,True
925,1.680858,71.81338,True
926,1.758372,79.469513,True
927,1.822573,85.084364,True
928,1.815409,85.302146,True
929,1.698049,75.0,True
930,1.60681,67.773914,True
931,1.610327,67.999778,True
932,1.710415,75.142858,True
933,1.716289,75.688433,True
934,1.834715,89.429199,True
935,1.611822,67.140367,True
936,1.6,66.126964,True
937,1.753578,77.97917,True
938,1.742364,78.664618,True
939,1.775626,80.113493,True
940,1.714253,75.0,True
941,1.693628,75.0,True
942,1.659172,71.170001,True
943,1.776347,82.329047,True
944,1.767806,82.694689,True
945,1.702516,75.0,True
946,1.814182,85.301029,True
947,1.59994,65.423942,True
948,1.666023,72.906186,True
949,1.701584,75.093569,True
950,1.713343,75.828119,True
951,1.489409,53.620604,True
952,1.518067,55.822119,True
953,1.616533,65.062945,True
954,1.589616,65.127324,True
955,1.675612,73.501233,True
956,1.874061,89.754302,True
957,1.580765,62.631382,True
958,1.62,69.575315,True
959,1.613921,66.738769,True
960,1.618683,67.193585,True
961,1.637537,70.0,True
962,1.566524,61.616,True
963,1.542328,63.856193,True
964,1.6,65.0,True
965,1.600184,65.0,True
966,1.773656,87.070234,True
967,1.64602,74.147443,True
968,1.65015,73.810728,True
969,1.751029,80.0,True
970,1.838266,89.496905,True
971,1.824449,87.656029,True
972,1.76,79.349221,True
973,1.622241,68.250249,True
974,1.729996,75.816864,True
975,1.725233,75.970712,True
976,1.541039,64.726948,True
977,1.773766,89.28282,True
978,1.75463,89.068227,True
979,1.674327,80.0,True
980,1.72,80.555875,True
981,1.913241,101.482054,True
982,1.737984,82.523113,True
983,1.703688,82.207978,True
984,1.716308,80.0,True
985,1.65,80.0,True
986,1.57856,65.522744,True
987,1.780846,85.687751,True
988,1.823168,91.630257,True
989,1.525234,65.220249,True
990,1.481682,61.373868,True
991,1.768578,87.803311,True
992,1.569878,69.743323,True
993,1.568188,67.904023,True
994,1.792527,89.994415,True
995,1.795311,89.868784,True
996,1.700038,80.0,True
997,1.668649,80.458343,True
998,1.7,84.687554,True
999,1.713825,83.952968,True
1000,1.7,78.055968,True
1001,1.835381,91.059595,True
1002,1.7,80.761409,True
1003,1.7,78.0,True
1004,1.7,83.199034,True
1005,1.659877,77.272652,True
1006,1.836943,96.192662,True
1007,1.819614,93.086419,True
1008,1.717775,85.312639,True
1009,1.791867,90.0,True
1010,1.7,80.749657,True
1011,1.68108,83.568035,True
1012,1.660756,78.574786,True
1013,1.769269,80.491339,True
1014,1.765188,85.0,True
1015,1.65,80.0,True
1016,1.654757,80.0,True
1017,1.647768,79.165306,True
1018,1.691303,80.539,True
1019,1.532897,65.031879,True
1020,1.565288,64.848627,True
1021,1.5,63.65233,True
1022,1.507106,64.814109,True
1023,1.70074,81.32297,True
1024,1.715118,81.650778,True
1025,1.696423,78.967919,True
1026,1.653088,80.0,True
1027,1.681842,77.426465,True
1028,1.652202,77.13322,True
1029,1.848683,99.0,True
1030,1.835678,96.01851,True
1031,1.560029,71.728069,True
1032,1.621048,72.105856,True
1033,1.699474,78.0,True
1034,1.745528,82.130728,True
1035,1.720379,85.0,True
1036,1.758787,85.050558,True
1037,1.704908,81.384224,True
1038,1.691322,77.561602,True
1039,1.78629,95.277392,True
1040,1.705617,83.016968,True
1041,1.733439,84.75383,True
1042,1.701397,83.0,True
1043,1.625236,74.433362,True
1044,1.545196,72.467862,True
1045,1.843172,92.69551,True
1046,1.705813,82.011962,True
1047,1.704141,78.790936,True
1048,1.706082,78.073528,True
1049,1.842943,93.798055,True
1050,1.880992,99.623778,True
1051,1.726774,82.853749,True
1052,1.73196,84.315608,True
1053,1.751278,86.963628,True
1054,1.780448,88.431954,True
1055,1.85,97.92035,True
1056,1.785241,88.03748,True
1057,1.718845,86.319887,True
1058,1.530248,68.85097,True
1059,1.664927,80.386078,True
1060,1.673333,77.205685,True
1061,1.725587,82.480214,True
1062,1.733875,86.94538,True
1063,1.675953,79.66832,True
1064,1.786238,89.802492,True
1065,1.718534,80.0,True
1066,1.919543,101.544589,True
1067,1.707613,82.586893,True
1068,1.658393,80.0,True
1069,1.536819,65.912688,True
1070,1.805459,90.13868,True
1071,1.521008,67.083121,True
1072,1.744733,87.27989,True
1073,1.529223,65.140408,True
1074,1.799742,89.98168,True
1075,1.681314,80.037202,True
1076,1.706912,85.743727,True
1077,1.663509,80.0,True
1078,1.752265,88.096062,True
1079,1.735343,83.337721,True
1080,1.7,78.0,True
1081,1.7,83.414072,True
1082,1.633794,77.858532,True
1083,1.856759,95.887056,True
1084,1.77433,90.0,True
1085,1.7,78.0,True
1086,1.719509,84.416515,True
1087,1.658202,78.0,True
1088,1.657221,80.993213,True
1089,1.713348,84.722222,True
1090,1.677178,80.379575,True
1091,1.67805,77.224574,True
1092,1.717722,81.92991,True
1093,1.486484,60.117993,True
1094,1.503379,64.342459,True
1095,1.718981,81.66995,True
1096,1.688354,79.278896,True
1097,1.665807,77.098973,True
1098,1.838441,97.029249,True
1099,1.653431,75.090439,True
1100,1.699818,78.0,True
1101,1.718097,88.600878,True
1102,1.731389,84.064875,True
1103,1.699667,79.67793,True
1104,1.698626,78.637307,True
1105,1.823765,96.945262,True
1106,1.708742,83.001642,True
1107,1.667469,80.993373,True
1108,1.588147,73.939268,True
1109,1.835024,92.368359,True
1110,1.7088,83.520113,True
1111,1.680991,79.752916,True
1112,1.835271,97.58826,True
1113,1.742819,86.565148,True
1114,1.741192,84.773349,True
1115,1.759721,86.0805,True
1116,1.810616,92.860254,True
1117,1.763101,88.532032,True
1118,1.543338,71.799982,True
1119,1.651812,79.437921,True
1120,1.732492,84.557797,True
1121,1.706349,85.720788,True
1122,1.780679,89.667406,True
1123,1.758687,89.673648,True
1124,1.704573,80.0,True
1125,1.716545,80.005809,True
1126,1.903832,99.812443,True
1127,1.742538,83.390983,True
1128,1.747739,83.314157,True
1129,1.717037,80.0,True
1130,1.65,80.0,True
1131,1.577921,65.293179,True
1132,1.746055,83.282232,True
1133,1.841151,91.798103,True
1134,1.517998,64.696248,True
1135,1.483284,62.894283,True
1136,1.758972,87.861431,True
1137,1.562434,70.442775,True
1138,1.547066,67.473282,True
1139,1.792435,89.998729,True
1140,1.784555,89.836692,True
1141,1.700216,80.473587,True
1142,1.672101,80.939733,True
1143,1.7,84.849349,True
1144,1.721348,83.986714,True
1145,1.7,78.008388,True
1146,1.803129,91.052215,True
1147,1.70002,80.420434,True
1148,1.7,78.041338,True
1149,1.713599,83.285753,True
1150,1.662728,77.473204,True
1151,1.837399,95.952027,True
1152,1.80827,91.363293,True
1153,1.714508,85.137113,True
1154,1.793451,89.909259,True
1155,1.700499,81.108599,True
1156,1.694997,84.451423,True
1157,1.688911,78.434492,True
1158,1.673394,80.400306,True
1159,1.769499,85.0,True
1160,1.65,80.0,True
1161,1.662669,79.863546,True
1162,1.67861,79.849252,True
1163,1.694423,80.311273,True
1164,1.505437,63.892071,True
1165,1.505387,63.715219,True
1166,1.491441,62.269912,True
1167,1.509408,64.852953,True
1168,1.685045,81.022119,True
1169,1.723072,82.338464,True
1170,1.696954,78.156035,True
1171,1.676095,79.079738,True
1172,1.681021,77.392179,True
1173,1.654067,79.697278,True
1174,1.840708,98.259423,True
1175,1.836007,97.416417,True
1176,1.556789,71.788181,True
1177,1.5891,72.713611,True
1178,1.700627,78.048207,True
1179,1.743935,84.729197,True
1180,1.742654,85.0,True
1181,1.754441,85.002884,True
1182,1.719342,80.790813,True
1183,1.682253,77.431678,True
1184,1.799902,95.419668,True
1185,1.709428,83.014033,True
1186,1.752456,84.783756,True
1187,1.685947,83.3258,True
1188,1.599999,73.513873,True
1189,1.550053,72.9518,True
1190,1.828092,91.495718,True
1191,1.71338,82.085549,True
1192,1.680764,79.621463,True
1193,1.705584,78.025625,True
1194,1.841852,93.614246,True
1195,1.834986,99.083478,True
1196,1.724839,82.27635,True
1197,1.685127,83.986895,True
1198,1.750097,86.372141,True
1199,1.757961,87.906019,True
1200,1.848965,98.912261,True
1201,1.789193,89.393589,True
1202,1.716677,85.261339,True
1203,1.550122,69.936073,True
1204,1.663178,80.135167,True
1205,1.679299,77.355417,True
1206,1.729177,82.52724,True
1207,1.719153,86.464843,True
1208,1.687326,80.413997,True
1209,1.772449,105.0,True
1210,1.837117,105.712219,True
1211,1.784377,102.872505,True
1212,1.792507,101.780099,True
1213,1.556579,78.233341,True
1214,1.585547,80.351263,True
1215,1.569234,81.827288,True
1216,1.583943,81.936398,True
1217,1.621233,82.0,True
1218,1.6084,82.603984,True
1219,1.733439,97.911865,True
1220,1.65,88.472359,True
1221,1.650052,87.272552,True
1222,1.644161,84.340406,True
1223,1.559499,77.26813,True
1224,1.734237,95.0,True
1225,1.775815,97.813023,True
1226,1.640426,87.344156,True
1227,1.65,82.13682,True
1228,1.753321,107.998815,True
1229,1.553026,77.74518,True
1230,1.706525,90.500055,True
1231,1.560648,80.0,True
1232,1.673352,90.0,True
1233,1.660324,94.189167,True
1234,1.786318,98.447311,True
1235,1.757691,95.361795,True
1236,1.712163,98.699971,True
1237,1.78,100.84763,True
1238,1.6,82.040318,True
1239,1.61082,82.532994,True
1240,1.665199,83.15115,True
1241,1.542122,80.0,True
1242,1.507867,79.58958,True
1243,1.660955,90.0,True
1244,1.553127,78.0,True
1245,1.781952,102.910613,True
1246,1.75,96.940255,True
1247,1.615854,80.615325,True
1248,1.793378,105.655037,True
1249,1.85478,114.77484,True
1250,1.685633,90.032671,True
1251,1.706343,93.348843,True
1252,1.791415,105.138073,True
1253,1.753716,106.49141,True
1254,1.780503,103.189532,True
1255,1.819867,106.038468,True
1256,1.791174,108.9606,True
1257,1.82093,108.742005,True
1258,1.627812,82.0,True
1259,1.632118,82.0,True
1260,1.773594,105.000789,True
1261,1.930416,118.560509,True
1262,1.947406,116.893105,True
1263,1.610867,80.0,True
1264,1.513202,75.410647,True
1265,1.738465,97.185474,True
1266,1.567915,76.129784,True
1267,1.587546,76.126112,True
1268,1.820385,108.395005,True
1269,1.792239,108.244379,True
1270,1.82697,108.751502,True
1271,1.670058,86.242679,True
1272,1.639383,91.267087,True
1273,1.682916,89.991671,True
1274,1.609321,84.493156,True
1275,1.690437,96.366777,True
1276,1.700164,99.204695,True
1277,1.60074,82.249831,True
1278,1.801848,104.741914,True
1279,1.844751,105.025808,True
1280,1.811602,106.042142,True
1281,1.787521,100.624553,True
1282,1.789109,100.066268,True
1283,1.533364,78.030383,True
1284,1.580858,79.713492,True
1285,1.64639,86.639861,True
1286,1.643786,81.978743,True
1287,1.634342,82.414477,True
1288,1.604893,82.0,True
1289,1.654961,94.790579,True
1290,1.701986,95.0,True
1291,1.65,89.139209,True
1292,1.657995,90.0,True
1293,1.634688,82.628,True
1294,1.628168,84.49798,True
1295,1.557808,79.661693,True
1296,1.560199,80.0,True
1297,1.750384,95.324282,True
1298,1.753081,95.269089,True
1299,1.65,88.126544,True
1300,1.650012,87.676154,True
1301,1.65,85.583485,True
1302,1.634832,85.803809,True
1303,1.770126,108.602715,True
1304,1.758189,108.721893,True
1305,1.595165,77.354744,True
1306,1.567756,79.493626,True
1307,1.702825,93.638318,True
1308,1.735659,93.429205,True
1309,1.62901,80.0,True
1310,1.615385,80.0,True
1311,1.671705,90.0,True
1312,1.676595,89.993812,True
1313,1.699998,95.564428,True
1314,1.722785,94.094184,True
1315,1.670667,90.575934,True
1316,1.789992,98.021766,True
1317,1.768834,97.449743,True
1318,1.761008,97.829344,True
1319,1.78,102.265955,True
1320,1.810215,105.254354,True
1321,1.608469,82.954796,True
1322,1.630357,83.1011,True
1323,1.62826,82.967937,True
1324,1.605662,82.470375,True
1325,1.567973,81.056851,True
1326,1.548403,80.0,True
1327,1.681855,90.0,True
1328,1.688436,90.0,True
1329,1.577115,78.0,True
1330,1.586751,79.109029,True
1331,1.710616,99.860254,True
1332,1.721384,99.430612,True
1333,1.624367,82.0,True
1334,1.622787,82.0,True
1335,1.855433,112.875283,True
1336,1.856315,118.183797,True
1337,1.681719,90.671871,True
1338,1.722884,92.949254,True
1339,1.799406,106.528811,True
1340,1.819875,106.048516,True
1341,1.790172,105.042194,True
1342,1.783782,105.000276,True
1343,1.783906,109.207614,True
1344,1.844218,109.195529,True
1345,1.631662,82.0,True
1346,1.649553,82.323954,True
1347,1.754711,105.000706,True
1348,1.762515,105.000097,True
1349,1.942725,121.657979,True
1350,1.975663,120.702935,True
1351,1.586301,80.0,True
1352,1.598448,80.0,True
1353,1.703098,98.296651,True
1354,1.706996,99.544696,True
1355,1.526472,75.150345,True
1356,1.501993,76.642944,True
1357,1.784402,108.413119,True
1358,1.792687,108.204547,True
1359,1.814052,109.411622,True
1360,1.789421,109.599453,True
1361,1.686904,90.004046,True
1362,1.703259,91.499683,True
1363,1.665798,89.738596,True
1364,1.66671,89.048151,True
1365,1.65,84.210535,True
1366,1.649439,84.897738,True
1367,1.702002,97.971598,True
1368,1.69382,99.530971,True
1369,1.622999,82.403076,True
1370,1.633675,82.459577,True
1371,1.836669,105.257543,True
1372,1.798354,103.705418,True
1373,1.824432,105.131956,True
1374,1.830384,105.479313,True
1375,1.829907,105.436173,True
1376,1.823755,105.800158,True
1377,1.834842,105.19936,True
1378,1.783901,103.771371,True
1379,1.782067,103.586342,True
1380,1.781032,96.303855,True
1381,1.557943,77.647716,True
1382,1.560258,78.435904,True
1383,1.596586,80.726195,True
1384,1.62093,81.718232,True
1385,1.571417,81.918809,True
1386,1.584322,80.986496,True
1387,1.582523,81.919454,True
1388,1.572791,80.086524,True
1389,1.627908,82.0,True
1390,1.620938,82.283185,True
1391,1.613119,82.636162,True
1392,1.62686,82.410189,True
1393,1.728183,97.959899,True
1394,1.732694,98.44113,True
1395,1.65,88.129437,True
1396,1.65,88.026943,True
1397,1.66913,86.002736,True
1398,1.669136,85.568385,True
1399,1.611058,84.191125,True
1400,1.649736,84.134712,True
1401,1.532643,77.550345,True
1402,1.524293,76.202761,True
1403,1.701634,95.0,True
1404,1.723921,94.743892,True
1405,1.769484,96.078462,True
1406,1.777416,97.842406,True
1407,1.64456,88.119139,True
1408,1.641149,88.079177,True
1409,1.642892,82.144405,True
1410,1.65,82.01831,True
1411,1.777251,106.452367,True
1412,1.814696,107.55963,True
1413,1.559005,77.601483,True
1414,1.556028,77.684229,True
1415,1.653751,91.204753,True
1416,1.680171,91.068054,True
1417,1.552648,80.0,True
1418,1.560215,80.0,True
1419,1.672959,90.0,True
1420,1.680058,89.994351,True
1421,1.664752,94.256547,True
1422,1.668553,94.454394,True
1423,1.785286,100.431625,True
1424,1.780725,98.790167,True
1425,1.751046,95.285898,True
1426,1.751365,95.290429,True
1427,1.717262,98.579156,True
1428,1.741393,98.182498,True
1429,1.7921,101.285765,True
1430,1.785957,99.199287,True
1431,1.609068,83.785312,True
1432,1.603963,82.012637,True
1433,1.605495,82.528575,True
1434,1.607182,82.368441,True
1435,1.661715,82.595793,True
1436,1.655742,82.46376,True
1437,1.549257,80.0,True
1438,1.549748,80.0,True
1439,1.52906,79.760922,True
1440,1.517248,79.843221,True
1441,1.65731,90.0,True
1442,1.673287,90.0,True
1443,1.581527,78.089575,True
1444,1.562724,80.535698,True
1445,1.781251,102.950929,True
1446,1.775584,103.605896,True
1447,1.746645,96.875502,True
1448,1.741353,96.738014,True
1449,1.571812,78.997166,True
1450,1.589027,80.553067,True
1451,1.803245,105.686091,True
1452,1.792646,105.619143,True
1453,1.87199,115.627554,True
1454,1.859056,111.235188,True
1455,1.692242,90.019501,True
1456,1.683,90.924208,True
1457,1.738397,93.890682,True
1458,1.694969,92.508122,True
1459,1.785718,105.055686,True
1460,1.7425,105.028665,True
1461,1.803132,106.329569,True
1462,1.774644,105.966894,True
1463,1.782269,104.97003,True
1464,1.780791,102.921218,True
1465,1.790151,106.320686,True
1466,1.818641,105.496975,True
1467,1.806827,108.829395,True
1468,1.811189,108.800964,True
1469,1.811738,108.897324,True
1470,1.799779,108.934574,True
1471,1.632605,82.0,True
1472,1.623377,82.851318,True
1473,1.618686,81.281578,True
1474,1.616085,82.582954,True
1475,1.769328,105.000576,True
1476,1.807029,105.696358,True
1477,1.882533,117.468516,True
1478,1.879144,112.932984,True
1479,1.931263,118.20313,True
1480,1.861358,115.39792,True
1481,1.567131,80.0,True
1482,1.565366,80.0,True
1483,1.516007,77.033049,True
1484,1.549812,76.082517,True
1485,1.714143,96.568814,True
1486,1.723191,97.350366,True
1487,1.562889,76.65949,True
1488,1.502609,75.279605,True
1489,1.544937,77.053948,True
1490,1.592316,77.00103,True
1491,1.787733,108.019211,True
1492,1.782722,108.044313,True
1493,1.797523,108.316462,True
1494,1.803527,108.251044,True
1495,1.801224,108.15619,True
1496,1.829239,107.10819,True
1497,1.692913,89.93889,True
1498,1.668555,85.607466,True
1499,1.652971,93.310284,True
1500,1.661277,90.744965,True
1501,1.641784,89.424947,True
1502,1.673767,89.995034,True
1503,1.617192,83.121811,True
1504,1.602129,82.412665,True
1505,1.701413,96.710735,True
1506,1.709731,95.032177,True
1507,1.698829,98.572753,True
1508,1.705304,99.873716,True
1509,1.61291,82.193405,True
1510,1.605469,82.039,True
1511,1.80416,104.40682,True
1512,1.785062,104.187314,True
1513,1.755926,112.289883,True
1514,1.787802,115.127662,True
1515,1.704877,107.94747,True
1516,1.695347,102.810704,True
1517,1.908608,128.828122,True
1518,1.819296,122.137917,True
1519,1.773259,118.154345,True
1520,1.774647,120.151967,True
1521,1.773664,116.160329,True
1522,1.793476,112.725005,True
1523,1.82559,120.860386,True
1524,1.885543,121.253083,True
1525,1.75,120.0,True
1526,1.87407,128.867444,True
1527,1.755967,112.256165,True
1528,1.757069,117.298233,True
1529,1.75,116.594351,True
1530,1.704028,101.634313,True
1531,1.849003,121.414744,True
1532,1.841989,122.024954,True
1533,1.613491,98.490766,True
1534,1.647821,106.509947,True
1535,1.75834,112.010504,True
1536,1.758398,112.089022,True
1537,1.670774,101.626189,True
1538,1.665585,98.66176,True
1539,1.914186,129.852531,True
1540,1.899588,124.269251,True
1541,1.75,118.102897,True
1542,1.75,119.434645,True
1543,1.773664,116.160329,True
1544,1.792998,116.102615,True
1545,1.82559,120.860386,True
1546,1.827279,120.996074,True
1547,1.775416,121.204668,True
1548,1.766975,118.363376,True
1549,1.754218,117.384745,True
1550,1.754996,119.087557,True
1551,1.748103,108.308112,True
1552,1.73325,103.669116,True
1553,1.84995,121.786485,True
1554,1.849601,122.333425,True
1555,1.606066,99.961731,True
1556,1.611434,103.175516,True
1557,1.762887,113.90198,True
1558,1.755938,112.287678,True
1559,1.787052,115.428276,True
1560,1.765258,114.330023,True
1561,1.726279,110.714711,True
1562,1.735851,109.889334,True
1563,1.699793,103.841672,True
1564,1.703202,103.0344,True
1565,1.906821,128.856677,True
1566,1.910987,129.935666,True
1567,1.784049,120.644178,True
1568,1.783914,120.549592,True
1569,1.863883,120.202596,True
1570,1.812259,118.277657,True
1571,1.75015,118.206565,True
1572,1.815347,120.399758,True
1573,1.767077,114.133149,True
1574,1.762461,115.531622,True
1575,1.779049,112.438508,True
1576,1.780731,112.957922,True
1577,1.872517,120.898397,True
1578,1.801224,119.050381,True
1579,1.876898,121.277832,True
1580,1.77558,120.589419,True
1581,1.76569,120.082941,True
1582,1.759772,118.382361,True
1583,1.823545,126.460936,True
1584,1.868923,125.064264,True
1585,1.77151,113.207124,True
1586,1.77219,114.097656,True
1587,1.858265,117.57457,True
1588,1.830596,118.424156,True
1589,1.765836,118.533246,True
1590,1.770278,117.29188,True
1591,1.673491,103.706181,True
1592,1.703346,102.686239,True
1593,1.842906,121.142535,True
1594,1.779547,118.740035,True
1595,1.873368,121.82962,True
1596,1.755902,120.021161,True
1597,1.617655,100.941357,True
1598,1.644517,100.004418,True
1599,1.701284,104.578255,True
1600,1.65891,104.548794,True
1601,1.759324,112.000381,True
1602,1.758382,112.10074,True
1603,1.622297,99.982541,True
1604,1.623278,97.582959,True
1605,1.918859,129.991623,True
1606,1.913252,129.232216,True
1607,1.75,118.07381,True
1608,1.75,119.029103,True
1609,1.784994,113.714521,True
1610,1.792533,116.157766,True
1611,1.829757,120.980508,True
1612,1.796415,120.988454,True
1613,1.75,120.0,True
1614,1.762389,118.548733,True
1615,1.825718,121.236915,True
1616,1.839699,120.431551,True
1617,1.749405,109.908779,True
1618,1.75,115.806977,True
1619,1.849998,122.119682,True
1620,1.84998,122.609911,True
1621,1.607939,100.618239,True
1622,1.603226,99.605527,True
1623,1.770663,112.471118,True
1624,1.758038,112.395309,True
1625,1.786997,115.025361,True
1626,1.771837,114.906095,True
1627,1.722396,109.349025,True
1628,1.701387,107.025415,True
1629,1.697421,103.017623,True
1630,1.696365,102.815983,True
1631,1.909198,129.679131,True
1632,1.909105,129.874864,True
1633,1.801368,121.094257,True
1634,1.860292,123.721352,True
1635,1.819535,118.332689,True
1636,1.793174,118.165082,True
1637,1.75015,118.299585,True
1638,1.754956,120.098812,True
1639,1.773115,115.089316,True
1640,1.772731,115.828167,True
1641,1.787933,112.536367,True
1642,1.785277,112.740797,True
1643,1.817572,120.8158,True
1644,1.84342,120.420406,True
1645,1.874519,121.244969,True
1646,1.796332,120.901591,True
1647,1.756221,119.117122,True
1648,1.757132,118.565568,True
1649,1.889104,129.157346,True
1650,1.869323,127.507411,True
1651,1.757154,112.200812,True
1652,1.764484,113.234349,True
1653,1.774775,117.398976,True
1654,1.769933,117.708705,True
1655,1.760175,117.651046,True
1656,1.763029,116.974504,True
1657,1.679515,102.872802,True
1658,1.699354,100.176866,True
1659,1.849307,121.658729,True
1660,1.86741,121.684311,True
1661,1.86714,121.835883,True
1662,1.848553,121.421121,True
1663,1.61981,98.54302,True
1664,1.647807,99.592225,True
1665,1.619128,104.303711,True
1666,1.64187,104.270062,True
1667,1.787379,112.173731,True
1668,1.758355,112.007101,True
1669,1.76414,113.089716,True
1670,1.767186,112.226032,True
1671,1.67782,102.022057,True
1672,1.668478,100.543983,True
1673,1.685462,99.540122,True
1674,1.694642,99.709329,True
1675,1.886109,129.349471,True
1676,1.915,129.966428,True
1677,1.841908,124.070717,True
1678,1.868127,123.172214,True
1679,1.751688,119.205308,True
1680,1.755333,118.237782,True
1681,1.754217,117.8972,True
1682,1.76071,118.668332,True
1683,1.755938,116.311962,True
1684,1.765137,116.669906,True
1685,1.788239,115.382519,True
1686,1.767121,116.164351,True
1687,1.840039,120.975489,True
1688,1.824901,120.805715,True
1689,1.828391,120.998266,True
1690,1.829529,120.996581,True
1691,1.779325,120.751656,True
1692,1.781139,120.794535,True
1693,1.764166,119.373019,True
1694,1.754796,118.805937,True
1695,1.756509,117.368716,True
1696,1.756772,117.326523,True
1697,1.754439,119.441207,True
1698,1.755142,119.192922,True
1699,1.706741,108.012603,True
1700,1.74285,106.421042,True
1701,1.6811,102.523111,True
1702,1.705682,103.067766,True
1703,1.849507,121.560938,True
1704,1.853373,121.737836,True
1705,1.84753,122.06261,True
1706,1.87034,121.458232,True
1707,1.607787,100.783434,True
1708,1.603091,100.209405,True
1709,1.620109,103.393354,True
1710,1.610647,100.642257,True
1711,1.758618,113.501549,True
1712,1.763259,113.215814,True
1713,1.764138,112.323213,True
1714,1.75596,112.277567,True
1715,1.783381,115.347176,True
1716,1.786532,114.534678,True
1717,1.766626,114.187096,True
1718,1.765464,114.144378,True
1719,1.75853,111.635463,True
1720,1.758539,111.950413,True
1721,1.748015,109.758736,True
1722,1.744974,111.169678,True
1723,1.701566,103.743534,True
1724,1.696412,103.250355,True
1725,1.680489,102.004554,True
1726,1.703317,102.592171,True
1727,1.877732,127.161381,True
1728,1.909639,129.013178,True
1729,1.909188,129.19449,True
1730,1.910672,129.232708,True
1731,1.779136,120.60094,True
1732,1.767485,120.158049,True
1733,1.783953,120.613561,True
1734,1.76714,120.344402,True
1735,1.816197,119.622764,True
1736,1.839941,119.956651,True
1737,1.84842,117.631707,True
1738,1.830317,117.75701,True
1739,1.750085,118.114184,True
1740,1.763582,117.86159,True
1741,1.816547,120.699119,True
1742,1.805445,119.484614,True
1743,1.770124,114.163921,True
1744,1.77274,114.254278,True
1745,1.763215,115.10813,True
1746,1.766547,115.45845,True
1747,1.773181,112.348722,True
1748,1.76003,112.409191,True
1749,1.780089,113.15464,True
1750,1.766946,113.235538,True
1751,1.885119,121.065052,True
1752,1.828276,120.872294,True
1753,1.806227,120.423567,True
1754,1.812919,119.841446,True
1755,1.859717,121.284533,True
1756,1.86516,121.527369,True
1757,1.783609,120.921535,True
1758,1.794827,120.919703,True
1759,1.759647,120.009392,True
1760,1.773521,120.209711,True
1761,1.753327,118.26569,True
1762,1.761068,118.370628,True
1763,1.848845,125.077863,True
1764,1.842812,125.973927,True
1765,1.825449,124.95278,True
1766,1.86198,126.418413,True
1767,1.763987,113.069667,True
1768,1.761519,112.835195,True
1769,1.772045,114.067936,True
1770,1.771817,114.004832,True
1771,1.79858,117.93329,True
1772,1.788586,117.849351,True
1773,1.803207,118.332966,True
1774,1.836592,118.377601,True
1775,1.762921,118.40174,True
1776,1.752863,119.201465,True
1777,1.768235,117.792268,True
1778,1.766888,118.134898,True
1779,1.603501,101.038263,True
1780,1.690262,103.180918,True
1781,1.712905,103.276087,True
1782,1.695735,102.784864,True
1783,1.829971,121.04172,True
1784,1.84629,121.248035,True
1785,1.774983,119.081804,True
1786,1.78968,118.436166,True
1787,1.852664,121.310257,True
1788,1.872561,121.471077,True
1789,1.81955,120.775439,True
1790,1.815514,120.337664,True
1791,1.614075,100.245302,True
1792,1.609418,100.078367,True
1793,1.650189,101.141277,True
1794,1.653876,102.583895,True
1795,1.657132,105.580491,True
1796,1.644751,101.067988,True
1797,1.660761,104.321463,True
1798,1.69151,102.59518,True
1799,1.611462,102.093223,True
1800,1.584782,105.055597,True
1801,1.792378,137.859737,True
1802,1.802257,149.935848,True
1803,1.65632,111.93301,True
1804,1.600762,105.448264,True
1805,1.678658,104.954834,True
1806,1.678201,109.900472,True
1807,1.65563,121.205171,True
1808,1.694952,133.76473,True
1809,1.622771,109.959714,True
1810,1.583889,110.545378,True
1811,1.729045,131.529267,True
1812,1.664622,114.465425,True
1813,1.747773,127.902844,True
1814,1.730113,152.094362,True
1815,1.746652,133.800129,True
1816,1.719365,114.511537,True
1817,1.632377,111.946655,True
1818,1.642572,111.868169,True
1819,1.654875,104.758713,True
1820,1.627567,107.482662,True
1821,1.736276,130.927138,True
1822,1.737056,132.527011,True
1823,1.580968,102.003378,True
1824,1.607128,103.026858,True
1825,1.821566,142.102468,True
1826,1.82773,152.720545,True
1827,1.656504,111.993054,True
1828,1.637725,111.208963,True
1829,1.669701,104.585783,True
1830,1.668709,104.754958,True
1831,1.668642,124.704781,True
1832,1.690614,129.769141,True
1833,1.622418,110.676343,True
1834,1.643332,110.824698,True
1835,1.733383,135.524857,True
1836,1.748313,133.573787,True
1837,1.812963,138.730619,True
1838,1.80734,155.872093,True
1839,1.745644,133.665587,True
1840,1.753266,133.852432,True
1841,1.632193,111.886611,True
1842,1.641098,111.818345,True
1843,1.640741,104.808542,True
1844,1.618573,104.928643,True
1845,1.757442,133.365094,True
1846,1.763343,133.952675,True
1847,1.610086,102.38745,True
1848,1.664463,102.781971,True
1849,1.602025,104.899348,True
1850,1.632896,104.988925,True
1851,1.771043,137.044959,True
1852,1.789555,137.767787,True
1853,1.801746,141.166265,True
1854,1.787195,151.975864,True
1855,1.644141,111.942544,True
1856,1.643355,111.600553,True
1857,1.623707,105.037463,True
1858,1.610636,105.423532,True
1859,1.629491,104.839068,True
1860,1.684768,104.821175,True
1861,1.66494,110.92217,True
1862,1.655646,110.21734,True
1863,1.666194,124.805868,True
1864,1.707508,121.864326,True
1865,1.754174,133.783955,True
1866,1.714193,131.866734,True
1867,1.62439,110.008636,True
1868,1.638836,110.970479,True
1869,1.621245,111.267334,True
1870,1.623514,109.980145,True
1871,1.736215,132.145549,True
1872,1.732951,132.904884,True
1873,1.69135,114.480696,True
1874,1.635062,113.277388,True
1875,1.746061,128.261402,True
1876,1.746529,129.363771,True
1877,1.746516,144.302261,True
1878,1.751118,149.291106,True
1879,1.741014,132.57927,True
1880,1.748533,133.94608,True
1881,1.694726,112.776612,True
1882,1.674515,112.879662,True
1883,1.631332,111.829957,True
1884,1.641918,111.86899,True
1885,1.640125,111.539494,True
1886,1.649178,111.914361,True
1887,1.603404,105.031908,True
1888,1.644199,105.036075,True
1889,1.628909,106.875927,True
1890,1.628019,108.265922,True
1891,1.71818,133.466763,True
1892,1.708581,131.274851,True
1893,1.724983,132.94066,True
1894,1.739991,133.485478,True
1895,1.568543,102.000122,True
1896,1.579893,102.134646,True
1897,1.782714,154.618446,True
1898,1.793824,160.935351,True
1899,1.659557,111.999096,True
1900,1.65782,111.95611,True
1901,1.684082,104.592372,True
1902,1.68395,104.846817,True
1903,1.716521,127.642324,True
1904,1.680762,125.418548,True
1905,1.623303,110.81746,True
1906,1.631856,110.804337,True
1907,1.747479,136.516648,True
1908,1.782453,137.852618,True
1909,1.809871,152.394739,True
1910,1.803677,160.639405,True
1911,1.745602,133.554686,True
1912,1.751038,133.843033,True
1913,1.631547,111.588625,True
1914,1.635905,111.571076,True
1915,1.616975,104.846218,True
1916,1.62788,104.92057,True
1917,1.76416,133.888629,True
1918,1.763847,133.937873,True
1919,1.608808,102.083964,True
1920,1.610488,102.174953,True
1921,1.621231,104.986792,True
1922,1.642392,104.988082,True
1923,1.801983,138.034526,True
1924,1.787614,137.858254,True
1925,1.801478,151.417292,True
1926,1.807576,152.567671,True
1927,1.650125,111.939671,True
1928,1.652674,111.919155,True
1929,1.663632,105.122109,True
1930,1.627818,105.428628,True
1931,1.66877,104.774144,True
1932,1.642098,104.966758,True
1933,1.65757,109.931233,True
1934,1.643111,109.910012,True
1935,1.675562,121.639178,True
1936,1.661415,120.748213,True
1937,1.713133,133.735889,True
1938,1.7199,133.886031,True
1939,1.622701,109.982692,True
1940,1.622468,110.400847,True
1941,1.618867,110.777391,True
1942,1.600905,110.074946,True
1943,1.730636,131.902591,True
1944,1.729719,131.877558,True
1945,1.677672,114.470482,True
1946,1.637524,113.90506,True
1947,1.738717,128.114161,True
1948,1.741193,128.763843,True
1949,1.792833,152.43563,True
1950,1.810427,152.217135,True
1951,1.743589,133.281333,True
1952,1.747962,133.936535,True
1953,1.71146,113.372851,True
1954,1.685482,113.451224,True
1955,1.639251,111.927001,True
1956,1.654784,111.933152,True
1957,1.641209,111.856492,True
1958,1.643167,111.894229,True
1959,1.63073,104.790549,True
1960,1.649867,104.791035,True
1961,1.613574,107.012256,True
1962,1.627532,106.69053,True
1963,1.726606,131.76807,True
1964,1.721476,131.042274,True
1965,1.742901,132.8071,True
1966,1.737313,133.166595,True
1967,1.62414,102.233445,True
1968,1.644078,102.277765,True
1969,1.592529,102.874549,True
1970,1.607734,102.305767,True
1971,1.817271,141.917802,True
1972,1.808765,140.292018,True
1973,1.817231,152.371911,True
1974,1.819728,151.278532,True
1975,1.656465,111.949972,True
1976,1.648143,111.950113,True
1977,1.622703,111.216192,True
1978,1.640606,111.036881,True
1979,1.683502,104.759643,True
1980,1.669039,104.593929,True
1981,1.673665,104.704707,True
1982,1.668931,104.768318,True
1983,1.700996,126.490236,True
1984,1.734092,125.117633,True
1985,1.708291,130.986338,True
1986,1.716497,130.871127,True
1987,1.62495,111.00492,True
1988,1.594776,110.640929,True
1989,1.626503,110.818757,True
1990,1.624576,110.803117,True
1991,1.729099,134.842656,True
1992,1.73581,135.346677,True
1993,1.748524,133.878843,True
1994,1.748951,133.662583,True
1995,1.777971,137.785027,True
1996,1.73995,135.693381,True
1997,1.816868,153.959945,True
1998,1.8002,155.242672,True
1999,1.74647,133.644711,True
2000,1.759091,133.903612,True
2001,1.752531,133.618706,True
2002,1.761773,133.903469,True
2003,1.633195,111.883747,True
2004,1.633945,111.9307,True
2005,1.641601,111.830924,True
2006,1.641132,111.841706,True
2007,1.638218,104.810024,True
2008,1.627483,104.881994,True
2009,1.610225,104.936381,True
2010,1.61739,105.013901,True
2011,1.744319,133.45249,True
2012,1.755467,133.478611,True
2013,1.746416,133.747012,True
2014,1.746411,133.676663,True
2015,1.611452,102.363149,True
2016,1.596813,102.320437,True
2017,1.610126,102.686908,True
2018,1.623113,102.555691,True
2019,1.618348,104.94582,True
2020,1.609401,104.854928,True
2021,1.621671,105.313967,True
2022,1.614484,104.999403,True
2023,1.789143,138.202869,True
2024,1.774207,138.143162,True
2025,1.792933,137.832414,True
2026,1.758959,137.79299,True
2027,1.807406,141.799429,True
2028,1.75091,142.545183,True
2029,1.805803,153.149491,True
2030,1.796538,152.473675,True
2031,1.634894,111.946321,True
2032,1.639524,111.945588,True
2033,1.643017,111.720238,True
2034,1.641849,111.682693,True
2035,1.621167,104.947703,True
2036,1.638075,105.036522,True
2037,1.60937,105.407313,True
2038,1.608283,105.359688,True
2039,1.629442,104.835346,True
2040,1.629225,104.838425,True
2041,1.680218,104.807284,True
2042,1.686033,104.772164,True
2043,1.662978,110.930509,True
2044,1.675185,110.621723,True
2045,1.62456,110.10589,True
2046,1.626179,110.074019,True
2047,1.682594,127.427458,True
2048,1.669354,126.088301,True
2049,1.68838,121.889803,True
2050,1.694439,122.813033,True
2051,1.755476,133.870501,True
2052,1.748106,133.259033,True
2053,1.719913,131.567481,True
2054,1.723587,131.929712,True
2055,1.623812,109.996742,True
2056,1.624099,109.978402,True
2057,1.632983,111.157811,True
2058,1.640745,110.919646,True
2059,1.629727,111.275646,True
2060,1.624134,111.531208,True
2061,1.623938,109.984263,True
2062,1.593321,110.168166,True
2063,1.730333,132.116491,True
2064,1.721057,132.054793,True
2065,1.71978,132.262558,True
2066,1.699315,133.10761,True
2067,1.681394,114.479459,True
2068,1.697421,114.482386,True
2069,1.650726,113.774198,True
2070,1.667383,112.982549,True
2071,1.746277,128.705761,True
2072,1.735461,126.798173,True
2073,1.747714,128.148108,True
2074,1.71582,129.466541,True
2075,1.747987,147.296186,True
2076,1.817917,142.559161,True
2077,1.80835,150.51648,True
2078,1.739457,150.37757,True
2079,1.742062,133.779919,True
2080,1.741925,133.017105,True
2081,1.751067,133.845064,True
2082,1.749118,133.955091,True
2083,1.663341,113.077187,True
2084,1.668537,112.555456,True
2085,1.668951,112.249699,True
2086,1.661712,112.098616,True
2087,1.633442,111.821817,True
2088,1.63302,111.863186,True
2089,1.633887,111.878132,True
2090,1.643421,111.939983,True
2091,1.640535,111.555967,True
2092,1.626483,111.357062,True
2093,1.64599,111.922491,True
2094,1.643892,111.884535,True
2095,1.617817,104.950776,True
2096,1.626449,104.879602,True
2097,1.62658,105.037203,True
2098,1.606474,104.954291,True
2099,1.628855,108.090006,True
2100,1.628205,107.378702,True
2101,1.62847,107.218949,True
2102,1.627839,108.10736,True
2103,1.724268,133.033523,True
2104,1.732383,133.043941,True
2105,1.72692,131.335786,True
2106,1.71073,131.408528,True
2107,1.748584,133.742943,True
2108,1.752206,133.689352,True
2109,1.73945,133.346641,True
2110,1.738836,133.472641,True
