CntName,Criteria,Type,Coverage,1980,1981,1982,1983,1984,1985,1986,1987,1988,1989,1990,1991,1992,1993,1994,1995,1996,1997,1998,1999,2000,2001,2002,2003,2004,2005,2006,2007,2008,2009,2010,2011,2012,2013
Armenia,Residence,Emigrants,Both,..,..,..,..,..,..,..,..,..,..,..,..,..,..,..,..,..,..,..,..,12030,11901,10433,8482,8451,9303,8053,7461,6121,4100,..,..,..,..
Armenia,Residence,Immigrants,Both,..,..,..,..,..,..,..,..,..,..,..,..,..,..,..,..,..,..,..,..,1767,1764,1715,1926,1514,1497,1335,1112,864,861,..,..,..,..
Australia,Residence,Emigrants,Both,90860,85600,92340,100510,96360,93440,92450,97770,104770,120040,137470,143710,143660,140420,141680,149360,158260,176560,179600,185670,206120,216130,222940,224890,212200,206690,204800,216580,220280,..,..,..,..,..
Australia,Residence,Immigrants,Both,184290,212690,195200,153570,153530,172550,196690,221620,253860,238050,234050,237240,220460,197940,221920,253940,261330,260220,268390,289870,317560,356410,361990,388450,350990,363470,402210,460650,535970,..,..,..,..,..
Austria,Citizenship,Emigrants,Citizens,..,..,..,..,..,..,..,..,..,..,..,..,..,..,..,..,17136,18830,19407,19644,18224,21644,30353,23056,21703,20333,19387,17828,18168,16376,16059,14401,15443,15368
Austria,Citizenship,Emigrants,Foreigners,..,..,..,..,..,..,..,..,..,..,..,..,..,..,..,..,46725,48264,44865,47279,46248,51010,44478,48940,50018,49800,55045,32070,33395,36868,35592,36796,36369,38703
Austria,Citizenship,Immigrants,Citizens,..,..,..,..,..,..,..,..,..,..,..,..,..,..,..,..,12830,13227,13494,14331,13794,15142,21981,18528,18301,16470,15636,8477,8636,8988,8817,8082,8272,9237
Austria,Citizenship,Immigrants,Foreigners,..,..,..,..,..,..,..,..,..,..,..,..,..,..,..,..,50035,49638,59229,72379,67882,74786,86144,93341,104246,97995,82899,64385,65136,60307,62161,74148,83285,92629
Austria,Residence,Emigrants,Both,..,..,..,..,..,..,..,..,..,..,..,..,..,..,..,..,..,..,64272,66923,64472,..,74831,71996,71721,70133,74432,49898,51563,53244,51651,51197,51812,54071
Austria,Residence,Immigrants,Both,..,..,..,..,..,..,..,..,..,..,..,..,..,..,..,..,69930,70122,72723,86710,81675,89928,108125,111869,122547,114465,98535,72862,73772,69295,70978,82230,91557,101866
Azerbaijan,Residence,Emigrants,Both,..,..,..,..,..,..,..,..,..,..,..,..,..,..,..,16033,13151,15703,10498,9142,9947,7288,4320,3754,2800,2919,2644,3090,2530,1373,..,..,..,..
Azerbaijan,Residence,Immigrants,Both,..,..,..,..,..,..,..,..,..,..,..,..,..,..,..,6222,5781,7528,5404,4806,4361,2574,1257,2500,2407,2019,2232,1970,3597,2292,..,..,..,..
Belarus,Residence,Emigrants,Both,..,..,..,..,..,..,..,..,..,..,..,..,..,..,..,..,..,..,..,..,13812,14270,13378,12986,12510,11082,8498,9479,9268,7643,..,..,..,..
Belarus,Residence,Immigrants,Both,..,..,..,..,..,..,..,..,..,..,..,..,..,..,..,..,..,..,..,..,25943,23355,18939,18145,14641,13031,14124,14155,17412,19891,..,..,..,..
Belgium,Citizenship,Emigrants,Citizens,13326,20325,21497,21090,20562,20481,21110,22253,16244,16076,15937,18002,13258,13616,14422,16442,16384,18250,31653,33401,35707,37513,38228,40183,40716,42601,42590,45615,..,..,22603,23603,26072,28068
Belgium,Citizenship,Emigrants,Foreigners,36887,36970,37207,36170,32747,30431,29509,31017,28981,24737,24373,31617,24597,29412,32462,31745,30616,32710,40434,40696,39613,37748,37732,39216,43179,44298,45573,45437,100275,..,43410,43872,48648,62732
Belgium,Citizenship,Immigrants,Citizens,7834,7979,8479,9310,9843,9500,9663,9655,10253,10620,12193,13330,11713,10707,10182,9812,9638,9609,10573,10682,11321,11610,12425,13113,12932,12953,12857,36483,..,..,18557,18426,17271,17531
Belgium,Citizenship,Immigrants,Foreigners,39746,33907,29498,28477,29884,28809,29466,31468,31343,35084,39338,41783,43312,48344,51034,45614,47716,45067,73239,80942,78067,98800,101432,98947,104304,119857,124842,109926,164152,..,116724,126272,130116,100725
Belgium,Residence,Emigrants,Both,..,..,..,..,..,..,..,..,..,..,..,..,..,..,..,..,..,..,72087,74097,75320,75261,75960,79399,83895,86899,88163,91052,100275,..,66013,67475,74720,90800
Belgium,Residence,Immigrants,Both,54694,49298,44659,43657,47002,47042,48959,49750,48484,54169,62662,67460,66763,63749,..,..,..,..,83812,91624,89388,110410,113857,112060,117236,132810,137699,146409,..,..,135281,144698,147387,118256
Bulgaria,Citizenship,Emigrants,Citizens,..,..,..,..,..,..,..,..,..,..,..,..,..,..,..,..,..,..,..,..,..,..,..,..,..,..,..,2923,2109,19036,..,..,13640,16036
Bulgaria,Citizenship,Emigrants,Foreigners,..,..,..,..,..,..,..,..,..,..,..,..,..,..,..,..,..,..,..,..,..,..,..,..,..,..,..,816,1447,1115,..,..,2975,3642
Bulgaria,Citizenship,Immigrants,Citizens,..,..,..,..,..,..,..,..,..,..,..,..,..,..,..,..,..,..,..,..,..,..,..,..,..,..,..,1498,1148,..,..,..,4964,4682
Bulgaria,Citizenship,Immigrants,Foreigners,..,..,..,..,..,..,..,..,..,..,..,..,..,..,..,..,..,..,..,..,..,..,..,..,..,..,..,63,88,..,..,..,9139,13888
Bulgaria,Residence,Emigrants,Both,..,..,..,..,..,..,..,..,..,..,..,..,..,..,..,..,..,..,..,..,..,..,..,..,..,..,..,2958,2112,..,..,..,16615,19678
Bulgaria,Residence,Immigrants,Both,..,..,..,..,..,..,..,..,..,..,..,..,..,..,..,..,..,..,..,..,..,..,..,..,..,..,..,1561,1236,3249,..,..,14103,18570
Canada,Citizenship,Immigrants,Citizens,..,..,..,..,..,..,..,..,..,..,3,3,4,3,1,1,1,..,..,..,..,..,..,..,..,..,..,..,..,..,..,1,1,2
Canada,Citizenship,Immigrants,Foreigners,143137,128641,121175,89185,88272,84346,99351,152075,161585,191550,216448,232799,254783,256635,224381,212863,226070,216036,174195,189950,227455,250636,229049,221349,235822,262242,251640,236753,247244,252170,280687,248747,257902,259019
Croatia,Citizenship,Emigrants,Citizens,..,..,..,..,..,..,..,..,..,..,..,..,..,..,..,..,..,..,4451,5554,5245,6670,11120,6114,5871,5509,6967,8084,6623,8637,..,9518,10836,13394
Croatia,Citizenship,Emigrants,Foreigners,..,..,..,..,..,..,..,..,..,..,..,..,..,..,..,..,..,..,2859,8731,671,818,647,420,941,502,725,918,865,1301,..,3181,2041,1868
Croatia,Citizenship,Immigrants,Citizens,..,..,..,..,..,..,..,..,..,..,..,..,..,..,..,..,..,..,..,31046,..,22256,18368,16355,16857,..,13744,13404,12225,..,..,4720,4208,5085
Croatia,Citizenship,Immigrants,Foreigners,..,..,..,..,..,..,..,..,..,..,..,..,..,..,..,..,..,..,51784,1864,..,2159,1997,2100,1526,..,1234,1218,2316,..,..,3814,4751,5293
Croatia,Residence,Emigrants,Both,..,..,..,..,..,..,..,..,..,..,..,..,8859,9169,10163,15413,10027,18531,..,14285,..,..,11767,6534,6812,..,7692,9002,7488,..,..,12699,12877,15262
Croatia,Residence,Immigrants,Both,..,..,..,..,..,..,..,..,..,..,..,10050,48324,57702,33426,42026,44596,52343,..,32910,..,24415,20365,18455,18383,..,14978,14622,..,..,..,8534,8959,10378
Cyprus,Citizenship,Emigrants,Citizens,..,..,..,..,..,..,..,..,..,..,..,..,..,..,..,..,..,..,..,..,..,..,..,..,629,294,229,816,387,..,212,242,1050,3579
Cyprus,Citizenship,Emigrants,Foreigners,..,..,..,..,..,..,..,..,..,..,..,..,..,..,..,..,..,..,..,..,11268,13909,7485,4437,5650,9709,6645,10573,10113,9829,4081,4653,17055,21648
Cyprus,Citizenship,Immigrants,Citizens,..,..,..,..,..,..,..,..,..,..,..,..,..,..,..,..,..,..,..,..,1157,3619,2154,1994,1760,2540,1010,953,1101,..,1881,2054,1276,1534
Cyprus,Citizenship,Immigrants,Foreigners,..,..,..,..,..,..,..,..,..,..,..,..,..,..,..,..,..,..,8721,..,11607,13866,12216,14785,20243,21879,14535,18064,12994,11675,18325,20983,16200,11615
Cyprus,Residence,Emigrants,Both,..,..,..,..,..,..,..,..,..,..,..,..,..,..,..,..,..,..,6800,..,..,..,7485,4437,6279,10003,6874,11389,10500,9829,4293,4895,18105,25227
Cyprus,Residence,Immigrants,Both,..,..,..,..,..,..,..,..,..,..,..,..,9994,..,..,..,..,6149,8622,8523,12764,17485,14370,16779,22003,24419,15545,19017,..,..,20206,23037,17476,13149
Czech Republic,Citizenship,Emigrants,Citizens,..,..,..,..,..,..,..,..,..,..,..,..,..,..,..,..,..,..,..,1013,1102,903,1298,1023,1034,2269,2075,2076,28293,24284,23337,15321,17850,9267
Czech Republic,Citizenship,Emigrants,Foreigners,..,..,..,..,..,..,..,..,..,..,..,..,..,..,..,..,..,..,..,123,161,20566,31091,33203,33784,21796,31388,18424,23185,37498,37732,40589,28256,16627
Czech Republic,Citizenship,Immigrants,Citizens,..,..,..,..,..,..,..,..,..,..,..,..,..,..,..,..,..,..,..,3100,3575,1595,1031,2577,2649,1718,2058,1934,25190,21744,18267,8141,6765,5326
Czech Republic,Citizenship,Immigrants,Foreigners,..,..,..,..,..,..,..,..,..,..,..,..,..,..,..,..,..,..,..,6810,4227,11323,43648,57438,50804,58576,66125,102511,83077,53876,30050,18973,27572,24798
Czech Republic,Residence,Emigrants,Both,..,..,..,..,..,..,..,..,..,..,..,..,..,7416,264,540,728,804,..,1136,1263,21469,32389,34226,34818,24065,33463,20500,51478,61782,61069,55910,46106,25894
Czech Republic,Residence,Immigrants,Both,..,..,..,..,..,..,..,..,..,..,..,..,..,..,10207,10540,10857,12880,..,9910,7802,12918,44679,60015,53453,60294,68183,104445,108267,75620,48317,27114,34337,30124
Denmark,Citizenship,Emigrants,Citizens,17979,18650,17991,16849,16890,17662,18666,19981,23893,25447,23528,22167,22557,22350,23819,23521,24355,24336,24693,25098,26887,26688,25731,25272,25936,26249,26339,23771,15730,14379,14661,15031,14753,13572
Denmark,Citizenship,Emigrants,Foreigners,11845,11077,10014,9122,8305,9171,9375,10066,10455,9273,8645,10185,9081,9814,10891,11198,12809,14033,15647,16242,16530,17292,17750,18194,19081,19620,20447,17795,22626,25520,26795,26562,28910,29738
Denmark,Citizenship,Immigrants,Citizens,14526,14513,15255,15958,15742,16012,16389,16239,16605,19180,21000,21445,21893,22921,23984,24041,22918,22694,22542,22353,22105,22330,22181,22062,21990,22469,22469,22033,19851,19281,18508,18261,18644,18970
Denmark,Citizenship,Immigrants,Foreigners,15282,12982,12606,11433,12900,19219,20052,18217,16756,16996,17739,19744,19539,19623,20469,38238,28914,26953,28830,27883,30810,33654,30597,27692,27870,29989,34281,42623,37506,32519,33728,34572,35765,41342
Denmark,Residence,Emigrants,Both,29913,29719,28328,25999,25053,26715,27928,30123,34544,34949,32383,32629,31915,32344,34710,34630,37312,38393,40340,41340,43417,43980,43481,43466,45017,45869,46786,41566,38356,39899,41456,41593,43663,43310
Denmark,Residence,Immigrants,Both,30311,27874,28223,27718,29035,36214,38932,36296,35051,38391,40715,43567,43377,43400,44961,63187,54445,50105,51372,50236,52915,55984,52778,49754,49860,52458,56750,64656,57357,51800,52236,52833,54409,60312
Estonia,Citizenship,Emigrants,Citizens,..,..,..,..,..,..,..,..,..,..,..,..,..,..,..,..,..,..,800,710,..,..,..,..,2279,3964,4964,3940,3860,3972,4665,5608,5968,6414
Estonia,Citizenship,Emigrants,Foreigners,..,..,..,..,..,..,..,..,..,..,..,..,..,..,..,..,..,..,1707,1172,1784,2175,2038,3073,648,646,563,444,546,686,629,606,353,326
Estonia,Citizenship,Immigrants,Citizens,..,..,..,..,..,..,..,..,..,..,..,..,..,..,..,..,..,..,556,599,..,..,..,..,338,455,746,1789,1742,1655,1611,2034,1532,2472
Estonia,Citizenship,Immigrants,Foreigners,..,..,..,..,..,..,..,..,..,..,..,..,..,..,..,..,..,..,663,599,35,241,575,967,759,981,1488,1952,1929,2229,1199,1675,1107,1637
Estonia,Residence,Emigrants,Both,..,..,..,..,..,..,..,..,..,..,..,..,..,..,..,..,..,..,2507,1882,1784,2175,2038,3073,2927,4610,5527,4384,4406,4658,5294,6214,6321,6740
Estonia,Residence,Immigrants,Both,..,..,..,..,..,..,..,..,..,..,..,..,2587,1967,1396,1229,1114,1156,1219,1198,35,241,575,967,1097,1436,2234,3741,3671,3884,2810,3709,2639,4109
Finland,Citizenship,Emigrants,Citizens,..,..,..,5860,6559,6777,7056,7291,7312,6463,5539,4867,4570,4887,7138,7441,7578,8272,9126,9966,10183,10996,10134,9805,9470,9737,9394,9330,9161,8114,8782,9326,9619,9658
Finland,Citizenship,Emigrants,Foreigners,..,..,..,852,777,833,957,945,925,747,841,984,1270,1322,1363,1322,2542,1501,1691,2000,4128,2157,2757,2278,4186,2632,2713,3113,4496,4037,3123,3334,4226,4235
Finland,Citizenship,Immigrants,Citizens,..,..,..,10817,8979,7875,7212,6344,6473,7013,7066,5763,4204,3921,3978,4877,5755,5417,5852,6807,7785,7918,8141,8406,8822,8611,8583,8525,9208,8612,7424,9065,7944,8068
Finland,Citizenship,Immigrants,Foreigners,..,..,..,2401,2398,2286,2259,2315,2745,3685,4594,7505,10152,9062,7548,7279,7468,8143,8340,7937,9110,11037,9972,9432,11511,12744,13868,17504,19906,18087,18212,20416,23334,23873
Finland,Residence,Emigrants,Both,14824,10034,7402,6817,7467,7737,8269,8475,8447,7374,6477,5984,6055,6405,8672,8957,10587,9854,10817,11966,14311,13153,12891,12083,13656,12369,12107,12443,13657,12151,11905,12660,13845,13893
Finland,Residence,Immigrants,Both,13626,15771,14661,13629,11686,10465,9927,9142,9720,11219,13558,19001,14554,14795,11611,12222,13294,13564,14192,14744,16895,18955,18113,17838,20333,21355,22451,26029,29114,26699,25636,29481,31278,31941
France,Citizenship,Emigrants,Citizens,..,..,..,..,..,..,..,..,..,..,..,..,..,..,..,..,..,..,..,..,..,..,..,..,..,..,92807,107973,115102,127023,147533,210513,190453,154608
France,Citizenship,Emigrants,Foreigners,..,..,..,..,..,..,..,..,..,..,..,..,..,..,..,..,..,..,..,..,..,..,..,..,..,..,96596,112381,124694,137608,121998,81081,105098,146152
France,Citizenship,Immigrants,Both,..,..,..,..,..,..,..,..,..,..,..,..,..,..,..,..,..,..,..,..,..,..,..,..,..,..,301544,293980,296608,296970,307111,319816,327431,332640
France,Residence,Emigrants,Both,..,..,..,..,..,..,..,..,..,..,..,..,..,..,..,..,..,..,..,..,..,..,..,..,..,..,189403,220354,239796,264631,269531,291594,295551,300760
France,Residence,Immigrants,Both,..,..,..,..,..,..,..,..,..,..,..,..,..,..,..,..,..,..,..,57846,..,..,..,..,..,..,301544,293980,296608,296970,307111,319816,327431,332640
Germany,Citizenship,Emigrants,Citizens,53728,55001,60227,62305,59764,58607,59350,66832,62858,106690,144557,98915,105171,104653,138280,130672,118430,109903,116403,116410,111244,109507,117683,127267,150667,144815,155290,161105,174759,..,..,..,..,..
Germany,Citizenship,Emigrants,Foreigners,341296,371057,385814,381361,505055,330507,314521,303407,326887,395739,395226,414190,478359,612322,544390,509920,509983,573198,638955,555638,562794,496987,505572,499063,546965,483584,483774,475749,563130,..,..,..,..,..
Germany,Citizenship,Immigrants,Citizens,104929,104450,82337,79927,79247,82653,88867,141546,255342,751419,809229,273633,290850,287561,305037,303347,251737,225335,196956,200150,191909,193958,184202,167216,177993,128051,103388,106014,108331,79165,85527,89438,87245,83229
Germany,Citizenship,Immigrants,Foreigners,581908,461803,295539,254225,308833,370776,445159,436154,589580,705457,724848,639769,876450,813209,699562,730759,659014,579040,605500,673873,649249,685259,658341,601759,602182,579301,558467,574752,573815,267051,318528,399984,504930,609484
Germany,Residence,Emigrants,Both,439571,470525,493495,487268,604832,425313,407139,400816,421947,544967,610595,582240,701424,796859,740525,698113,677494,746969,755358,685635,674038,606494,623255,626330,697632,628399,639064,636854,737889,286582,252456,249045,240001,259328
Germany,Residence,Immigrants,Both,753436,625053,420754,372027,457093,512108,598479,614603,903892,1522190,1651593,1198978,1502198,1277408,..,1096048,959691,840633,802456,874023,841158,879217,842543,768975,780175,707352,661855,680766,682146,346216,404055,489422,592175,692713
Greece,Citizenship,Emigrants,Citizens,..,..,..,..,..,..,..,..,..,..,..,..,..,..,..,..,..,..,..,..,..,..,..,..,..,..,..,..,19088,19799,28301,53210,65264,62089
Greece,Citizenship,Emigrants,Foreigners,..,..,..,..,..,..,..,..,..,..,..,..,..,..,..,..,..,..,..,..,..,..,..,..,..,..,..,..,23956,23887,33740,39194,59430,55005
Greece,Citizenship,Immigrants,Citizens,..,..,..,..,..,..,..,..,..,..,..,..,..,..,..,..,..,..,..,..,..,..,..,..,..,..,..,2,..,22790,25078,27043,26194,26644
Greece,Citizenship,Immigrants,Foreigners,..,..,..,..,..,..,..,..,..,..,..,..,..,..,..,..,..,..,..,..,..,..,..,..,..,..,..,86090,133181,35823,35384,33046,32006,31302
Greece,Residence,Emigrants,Both,..,..,..,..,..,..,..,..,..,..,..,..,..,..,..,..,..,..,..,..,..,..,..,..,..,..,..,..,43044,43686,62041,92404,124694,117094
Greece,Residence,Immigrants,Both,..,..,..,..,..,33729,30569,34787,37322,38644,42021,24346,32133,27472,..,20859,22214,22078,12630,..,..,..,..,..,..,..,..,..,66529,58613,60462,60089,58200,57946
Hungary,Citizenship,Emigrants,Citizens,..,..,..,..,..,..,..,..,..,..,..,..,..,..,..,772,809,894,716,361,332,647,738,569,354,338,358,367,5350,4883,7318,12413,12964,21580
Hungary,Citizenship,Emigrants,Foreigners,..,..,..,..,..,..,..,..,..,..,..,..,..,..,..,1786,2122,1462,2343,2460,2208,1944,2388,2553,3466,3320,3956,4133,4241,5600,6047,2687,9916,13111
Hungary,Citizenship,Immigrants,Citizens,..,..,..,..,..,..,..,..,..,..,..,..,..,..,..,1427,1250,1159,1217,1271,1542,1771,1883,1962,2134,2238,2163,1754,2105,2312,1635,5504,13362,17718
Hungary,Citizenship,Immigrants,Foreigners,..,..,..,..,..,..,..,..,..,..,..,..,..,..,..,11873,12082,11667,16052,20151,20184,20308,17972,19365,22164,25582,23569,22607,35547,25582,23884,22514,20340,21250
Hungary,Residence,Emigrants,Both,..,..,..,..,..,..,..,..,..,..,..,..,..,..,..,..,..,..,..,..,..,..,..,..,..,..,..,..,9591,10483,13365,15100,22880,34691
Hungary,Residence,Immigrants,Both,..,..,..,..,..,..,..,..,..,..,..,..,..,..,..,..,..,..,..,..,..,..,..,..,..,..,..,..,37652,27894,25519,28018,33702,38968
Iceland,Citizenship,Emigrants,Citizens,..,..,..,..,..,..,2479,1916,1856,2883,2806,1995,1775,2016,2657,3566,3444,3158,3021,2709,2679,..,..,..,..,..,..,3395,3294,3711,3415,3210,3522,2808
Iceland,Citizenship,Emigrants,Foreigners,..,..,..,..,..,..,480,481,820,942,1003,955,1332,843,739,681,638,741,661,954,810,4034,4490,3837,4820,3913,4577,4019,5850,3163,2044,1602,1236,1564
Iceland,Citizenship,Immigrants,Citizens,..,..,..,..,..,..,2041,2598,2395,1735,2055,2281,1980,1749,1796,1929,2406,2584,2788,2867,2741,2487,2360,..,..,..,..,3228,2817,1413,1678,1868,2310,2802
Iceland,Citizenship,Immigrants,Foreigners,..,..,..,..,..,..,655,993,1665,986,1040,1573,894,909,847,922,1228,1360,1775,1918,2462,2515,1855,3704,5350,7773,9832,9318,7471,2508,2270,2205,2650,3604
Iceland,Residence,Emigrants,Both,..,..,..,..,..,..,2964,2408,2685,3841,3847,2982,3213,2901,3436,4285,4108,3921,3682,3663,3489,4034,4490,..,4820,3913,4577,7414,9144,6874,5459,4812,4758,4372
Iceland,Residence,Immigrants,Both,1796,2161,2293,2154,1939,1827,2703,3616,4151,2755,3166,3989,2959,2698,2676,2867,3664,3990,4563,4785,5203,5002,4215,3704,5350,7773,9832,12546,10288,3921,3948,4073,4960,6406
Ireland,Citizenship,Emigrants,Citizens,..,..,..,..,..,..,..,..,..,..,..,..,..,..,..,..,..,..,..,..,..,..,..,..,..,..,13712,11207,14144,21087,33842,39235,43511,37301
Ireland,Citizenship,Emigrants,Foreigners,..,..,..,..,..,..,..,..,..,..,..,..,..,..,..,..,..,..,30775,27825,26300,25750,28375,27200,28675,34350,30697,36833,51790,48585,44257,47818,45925,46490
Ireland,Citizenship,Immigrants,Citizens,..,..,..,..,..,..,..,..,..,..,..,..,..,..,..,..,..,..,26100,25275,25925,26825,19950,16850,18025,14175,29622,24946,22050,18262,19697,19933,16548,12695
Ireland,Citizenship,Immigrants,Foreigners,..,..,..,..,..,..,..,..,..,..,..,..,..,..,..,..,..,..,22075,26400,31475,38100,41775,42025,60050,87825,109812,97469,60542,32342,32642,33291,37891,46599
Ireland,Residence,Emigrants,Both,..,..,..,..,..,..,..,40200,61100,70500,56200,35300,33400,35100,34800,33200,31200,25400,28600,27825,26300,25750,28375,27200,28675,34350,44409,48040,65934,69672,78099,87053,89436,83791
Ireland,Residence,Immigrants,Both,..,..,..,..,..,..,..,17000,19000,27000,33000,33000,41000,35000,30000,38000,39000,45625,48175,51675,57400,64925,61725,58875,78075,102000,139434,122415,82592,50604,52339,53224,54439,59294
Italy,Citizenship,Emigrants,Citizens,..,..,..,..,..,..,..,..,..,..,..,51478,50226,54980,59402,34886,39017,38984,37952,56283,47480,46901,39401,50084,50830,49078,58256,44880,53924,48327,45954,50057,67998,82095
Italy,Citizenship,Emigrants,Foreigners,..,..,..,..,..,..,..,..,..,..,..,3608,3997,3798,3274,5098,5043,4408,7937,8590,9121,9176,9982,12886,14019,15951,16974,20316,27023,32270,32817,32404,38218,43640
Italy,Citizenship,Immigrants,Citizens,..,..,..,..,..,..,..,..,..,..,..,56004,54849,49261,46761,28472,28816,30352,29771,32152,34411,35416,60887,45635,49810,42893,43052,42818,38163,36215,34357,31466,29467,28433
Italy,Citizenship,Immigrants,Foreigners,..,..,..,..,..,..,..,..,..,..,..,36627,28427,20402,18580,42362,119122,112860,127114,152900,192557,172836,161914,424856,394756,282780,254588,515201,496549,406725,424499,354327,321305,279021
Italy,Residence,Emigrants,Both,..,..,..,..,..,..,49775,43669,41861,65647,55989,57730,56987,61282,65548,43303,47510,46273,45889,64873,56601,56077,49383,62970,64849,65029,75230,65196,80947,80597,78771,82461,106216,125735
Italy,Residence,Immigrants,Both,..,91495,100100,98330,86915,82183,75725,104459,85791,81201,166754,126935,113916,100401,99105,96710,171967,162857,156885,185052,226968,208252,222801,470491,444566,325673,297640,558019,534712,442940,458856,385793,350772,307454
Kazakhstan,Residence,Emigrants,Both,..,..,..,..,..,..,..,..,..,..,..,..,..,..,..,..,..,..,..,..,155749,141710,120223,73890,65530,52139,33690,42435,45287,33983,..,..,..,..
Kazakhstan,Residence,Immigrants,Both,..,..,..,..,..,..,..,..,..,..,..,..,..,..,..,..,..,..,..,..,50166,54992,59502,68503,69559,75817,66747,52574,44975,42032,..,..,..,..
Kyrgyzstan,Citizenship,Emigrants,Citizens,..,..,..,..,..,..,..,..,..,..,..,..,..,..,..,..,..,..,..,..,..,..,..,..,..,..,33514,53745,..,..,..,..,..,..
Kyrgyzstan,Citizenship,Emigrants,Foreigners,..,..,..,..,..,..,..,..,..,..,..,..,..,..,..,..,..,..,..,..,..,..,..,..,..,..,909,863,..,..,..,..,..,..
Kyrgyzstan,Residence,Emigrants,Both,..,..,..,..,..,..,..,..,..,..,82852,71315,103728,143619,71197,37302,27584,19538,15671,17818,27887,31633,32717,21209,22607,30741,34423,54608,41287,..,..,..,..,..
Kyrgyzstan,Residence,Immigrants,Both,..,..,..,..,..,..,..,..,..,..,40939,37558,26275,23015,20104,18368,15910,12799,10219,7879,5349,5048,4893,4483,3284,3761,3420,3955,3497,..,..,..,..,..
Latvia,Citizenship,Emigrants,Citizens,..,..,..,..,..,..,..,..,..,..,..,..,..,..,..,..,..,..,1663,1421,1579,1335,440,507,712,991,1920,1881,3558,3918,..,23630,20421,19150
Latvia,Citizenship,Emigrants,Foreigners,..,..,..,..,..,..,..,..,..,..,..,..,..,..,..,..,..,..,7211,4477,21332,23204,15397,15140,19455,16652,15099,13582,23487,34290,39651,6681,4742,3411
Latvia,Citizenship,Immigrants,Citizens,..,..,..,..,..,..,..,..,..,..,..,..,..,..,..,..,..,..,1248,408,295,303,195,284,428,617,493,986,939,521,..,7373,9637,4774
Latvia,Citizenship,Immigrants,Foreigners,..,..,..,..,..,..,..,..,..,..,..,..,..,..,..,..,..,..,1875,1405,6188,5073,6447,3779,4416,6074,7719,6531,3739,3210,4011,2861,3666,3525
Latvia,Residence,Emigrants,Both,..,..,..,..,..,..,..,..,..,..,..,..,..,..,..,16512,12828,12333,8874,5898,22911,24539,15836,15647,20167,17643,17019,15463,27045,38208,39651,30311,25163,22561
Latvia,Residence,Immigrants,Both,..,..,..,..,..,..,..,..,..,..,32285,14684,6199,4114,3046,2799,2747,2913,3123,1813,6483,5376,6642,4063,4844,6691,8212,7517,4678,3731,4011,10234,13303,8299
Liechtenstein,Citizenship,Emigrants,Citizens,..,..,..,..,..,..,..,..,..,..,..,..,..,..,..,..,..,..,..,..,..,..,..,..,..,..,..,..,..,..,186,207,223,236
Liechtenstein,Citizenship,Emigrants,Foreigners,..,..,..,..,..,..,..,..,..,..,..,..,..,..,..,..,..,..,..,..,..,..,..,..,..,..,..,..,..,..,242,260,216,261
Liechtenstein,Residence,Emigrants,Both,..,..,..,..,..,..,..,..,..,..,..,..,..,..,..,..,..,..,..,1369,..,..,..,..,..,..,..,..,..,..,428,467,439,497
Liechtenstein,Residence,Immigrants,Both,..,..,..,..,..,..,..,..,..,..,..,..,..,..,..,..,..,..,..,2679,..,..,..,..,..,..,..,..,578,584,591,650,671,696
Lithuania,Citizenship,Emigrants,Citizens,..,..,..,..,..,..,..,..,..,..,..,..,..,..,..,..,..,..,1221,850,2023,24014,13129,22822,35279,54571,29678,27592,21793,33522,79315,51505,38479,35492
Lithuania,Citizenship,Emigrants,Foreigners,..,..,..,..,..,..,..,..,..,..,..,..,..,..,..,..,..,..,909,519,593,3827,3590,3461,2412,3314,2712,2791,3957,4978,3842,2358,2621,3326
Lithuania,Citizenship,Immigrants,Citizens,..,..,..,..,..,..,..,..,..,..,..,..,..,..,..,..,..,..,1178,1035,841,714,809,1313,3397,4705,5508,6141,6337,4821,4153,14012,17357,18975
Lithuania,Citizenship,Immigrants,Foreigners,..,..,..,..,..,..,..,..,..,..,..,..,..,..,..,..,..,..,1528,1644,669,3980,4301,3415,2156,2084,2237,2468,2960,1666,1060,1673,2486,3036
Lithuania,Residence,Emigrants,Both,..,..,..,..,..,..,..,..,..,..,..,..,..,..,..,..,..,..,2130,1369,2616,27841,16719,26283,37691,57885,32390,30383,25750,38500,83157,53863,41100,38818
Lithuania,Residence,Immigrants,Both,..,..,..,..,..,..,..,..,..,..,..,..,6640,2850,1664,2020,3025,2536,2706,2679,1510,4694,5110,4728,5553,6789,7745,8609,9297,6487,5213,15685,19843,22011
Luxembourg,Citizenship,Emigrants,Citizens,..,..,..,..,..,..,..,..,..,..,..,..,..,..,..,..,..,..,858,1172,1096,1199,1183,886,983,1117,1323,2033,2100,1848,1651,1793,1844,1817
Luxembourg,Citizenship,Emigrants,Foreigners,5537,5982,6209,5726,4826,5310,4957,4351,4555,4625,4694,5015,4725,4059,4398,4082,4583,4770,6716,6903,7025,7625,8269,6860,7497,7170,7678,8641,7958,7320,7651,7471,8598,8933
Luxembourg,Citizenship,Immigrants,Citizens,..,..,..,..,..,..,..,..,..,..,..,..,..,..,..,..,..,..,1025,1018,973,1080,1113,604,627,638,621,909,957,1116,1148,1160,1039,1301
Luxembourg,Citizenship,Immigrants,Foreigners,..,..,..,..,..,..,..,..,..,..,..,..,..,..,..,..,..,..,10472,11032,11220,11605,11422,12510,12494,13962,14039,16338,17412,15537,16701,20057,20209,20836
Luxembourg,Residence,Emigrants,Both,..,..,..,..,..,..,..,..,..,..,..,..,..,..,..,..,..,..,7574,8075,8121,8824,9452,7746,8480,8287,9001,10674,10058,9168,9302,9264,10442,10750
Luxembourg,Residence,Immigrants,Both,5080,5336,5367,5427,5340,6582,7448,8248,9064,9143,10281,10913,10696,9857,10030,10325,10027,..,11630,12794,11765,12135,12101,13158,12872,14397,14352,16675,17758,15751,16962,20268,20478,21098
Malta,Citizenship,Emigrants,Citizens,..,..,..,..,..,..,..,..,..,..,..,..,..,..,..,..,..,..,..,..,..,..,..,..,..,..,1079,1350,1296,1383,1340,1359,1098,1333
Malta,Citizenship,Emigrants,Foreigners,..,..,..,..,..,..,..,..,..,..,..,..,..,..,..,..,..,..,..,..,..,..,..,..,..,..,829,3679,2423,2485,2861,2447,2907,3871
Malta,Residence,Emigrants,Both,..,..,..,..,..,..,..,..,..,..,..,..,..,..,..,..,..,..,121,67,67,..,96,..,..,..,1908,5029,3719,3868,4201,3806,4005,5204
Malta,Residence,Immigrants,Both,..,..,..,..,..,..,..,..,..,..,..,..,..,..,..,..,..,937,349,339,22,162,..,..,..,..,1829,6730,6043,6161,4275,5465,7111,8428
Netherlands,Citizenship,Emigrants,Citizens,36423,38636,40625,33510,32603,32297,32847,32862,35888,40845,39059,38888,38680,40584,42807,48500,49546,47554,39175,38358,40474,42921,45571,47015,51500,59415,64552,62250,59364,52817,51872,57155,56181,57090
Netherlands,Citizenship,Emigrants,Foreigners,24081,25674,29680,28845,27791,25972,26497,27660,27696,30675,29248,31144,34386,33541,35846,33670,41672,33913,21266,20665,20727,20397,21157,21870,23549,23984,26476,29037,30703,40008,44098,47046,54250,55535
Netherlands,Citizenship,Immigrants,Citizens,32684,29767,29810,30321,29616,33196,34585,35080,32976,33529,36086,35912,33904,31581,30887,29128,31572,33124,40706,40786,41467,38897,34631,30948,28898,28882,33493,36561,40160,36992,38019,37762,36377,36319
Netherlands,Citizenship,Immigrants,Foreigners,74606,46714,37852,34843,35046,43414,49225,60027,57291,63993,79373,81156,77782,83126,65964,65594,76537,76285,81701,78365,91383,94507,86619,73566,65121,63415,67657,80258,103356,85925,88757,92356,88189,93109
Netherlands,Residence,Emigrants,Both,..,..,..,..,..,..,..,..,..,..,..,..,..,..,..,..,..,..,60441,59023,61201,63318,66728,68885,75049,83399,91028,91287,90067,..,..,..,110431,112625
Netherlands,Residence,Immigrants,Both,112504,80183,70740,66762,66907,79362,87387,95935,91238,98914,117350,120249,116926,119154,92143,96099,108749,109860,122407,119151,132850,133404,121250,104514,94019,92297,101150,116819,143516,122917,126776,130118,124566,129428
New Zealand,Citizenship,Emigrants,Citizens,53348,48952,37588,24941,30331,43894,50093,49019,58017,49670,35959,30603,30808,30440,34008,37418,40743,44273,48273,53215,58680,56031,42112,38859,43190,49201,47616,55645,60602,41558,..,..,..,..
New Zealand,Citizenship,Emigrants,Foreigners,15434,12728,9535,8879,9777,10771,10212,10555,12638,11809,11477,13366,12630,10600,10472,11625,13414,15704,16137,15486,15534,15242,15531,18766,21969,22561,20320,21270,22844,23419,..,..,..,..
New Zealand,Citizenship,Immigrants,Citizens,24500,24755,25389,24304,20156,18511,21558,24539,21518,24321,28981,24596,22108,22584,23122,23363,22830,22145,21299,22551,20763,23465,25417,27691,25069,24165,24018,22969,23553,26084,..,..,..,..
New Zealand,Citizenship,Immigrants,Foreigners,20702,20241,20246,17708,16886,16876,20062,23817,24813,24718,26856,24673,24087,32369,40660,53342,55528,45283,36869,36822,42183,57624,70581,65065,55577,54996,58874,59741,64083,60504,..,..,..,..
New Zealand,Residence,Emigrants,Foreigners,68849,61768,47217,33871,40194,54737,60381,59633,70725,61535,47514,44181,43504,41096,44525,49077,54212,60012,64485,68772,74306,71368,57753,57754,65371,71992,68123,77081,83649,65157,72018,86042,86420,71497
New Zealand,Residence,Immigrants,Foreigners,45256,45036,45675,42156,37053,35395,41629,48373,46529,49260,56482,50578,48144,55081,64382,77563,79005,67636,58220,59743,62994,81094,95951,92660,80479,78963,82732,82572,87463,86410,82469,84187,85255,93965
Norway,Citizenship,Emigrants,Citizens,7417,7270,7510,7823,8310,8108,8321,8789,10501,16737,14016,9881,8744,8452,9892,10320,10558,11223,10876,10152,11923,11093,..,..,9415,9081,9563,8798,6567,7675,9678,8750,8171,8712
Norway,Citizenship,Emigrants,Foreigners,7160,7152,7119,7861,7546,7427,8358,8506,9081,10428,9264,7865,7338,9256,8662,8728,9874,9927,12005,12690,14931,15216,22948,24672,13856,12628,12490,13324,6409,9397,16157,11599,14522,17811
Norway,Citizenship,Immigrants,Citizens,6943,6637,6478,6973,6851,6952,7662,7356,6923,7463,9800,10209,9581,9416,9044,9196,9211,9931,9957,9611,8757,8852,9334,9170,8618,8793,8351,8276,6436,7303,9591,7618,6704,7006
Norway,Citizenship,Immigrants,Foreigners,11668,12881,13815,12914,12680,14691,16316,22937,22137,17254,14528,14470,14436,20464,17072,15855,16997,21794,26747,32230,27785,25411,30788,26787,27864,31355,37425,53498,51687,48650,59623,62719,63204,61307
Norway,Residence,Emigrants,Both,14705,14522,14728,15778,15927,15630,16745,17380,19821,27300,23784,18238,16801,18903,19475,19312,20590,21257,22881,22842,26854,..,22948,24672,23271,21709,22053,22122,12976,17072,25835,20349,22693,26523
Norway,Residence,Immigrants,Both,18776,19698,20468,20063,19688,21858,24196,31149,29964,25847,25494,26283,26743,31711,26911,25678,26407,31957,36704,41841,36493,34264,40122,35957,36482,40148,45776,61774,58123,55953,69214,70337,69908,68313
Poland,Citizenship,Emigrants,Citizens,..,..,..,..,..,..,..,..,..,..,..,..,..,..,..,..,..,..,21041,21507,26978,23330,24510,20796,18782,22174,46745,35301,67329,178915,169527,214758,206693,226969
Poland,Citizenship,Emigrants,Foreigners,..,..,..,..,..,..,..,..,..,..,..,..,..,..,..,..,..,..,72,29,21,38,22,17,95,68,191,179,7009,50405,48599,51040,68910,49477
Poland,Citizenship,Immigrants,Citizens,..,..,..,..,..,..,..,..,..,..,..,..,..,..,..,..,..,..,6920,7052,6921,6270,6328,6548,8253,8228,8978,13384,35891,142348,107378,101945,135910,131431
Poland,Citizenship,Immigrants,Foreigners,..,..,..,..,..,..,..,..,..,..,..,..,..,..,..,..,..,..,1612,473,410,355,259,500,1242,1136,1824,1611,11989,46818,47753,55114,81636,88880
Poland,Residence,Emigrants,Both,..,..,..,..,..,..,..,..,..,..,..,..,..,..,..,..,..,..,22177,21536,26999,23368,24532,20813,18877,22242,46936,35480,74338,229320,218126,265798,275603,276446
Poland,Residence,Immigrants,Both,..,..,..,..,..,..,..,..,..,..,2626,5040,6515,5924,..,..,..,..,8532,7525,7331,6625,6587,7048,9495,9364,10802,14995,15379,189166,155131,157059,217546,220311
Portugal,Citizenship,Emigrants,Citizens,..,..,..,..,..,..,..,..,..,..,..,..,..,..,..,..,..,..,..,..,..,..,..,..,..,..,..,..,18372,14138,21796,41443,49458,50835
Portugal,Citizenship,Emigrants,Foreigners,..,..,..,..,..,..,..,..,..,..,..,..,..,..,..,..,..,..,11100,14040,10660,9800,9300,8900,10680,10800,12700,26800,1985,2761,1964,2555,2500,2951
Portugal,Citizenship,Immigrants,Citizens,..,..,..,..,..,..,..,..,..,..,..,..,..,..,..,..,..,..,..,..,..,..,..,..,..,..,..,..,9586,17883,19222,11872,9334,12156
Portugal,Citizenship,Immigrants,Foreigners,..,..,..,..,..,..,..,..,..,..,..,..,13735,9852,5653,5025,3644,2563,43100,52040,57660,74800,79300,72400,57920,49200,38800,46300,20132,14424,8353,7795,5272,5398
Portugal,Residence,Emigrants,Both,..,..,..,..,..,..,..,..,..,..,..,..,..,..,..,..,..,..,11100,14040,10660,9800,9300,8900,10680,10800,12700,26800,20357,16899,23760,43998,51958,53786
Portugal,Residence,Immigrants,Both,..,..,..,..,..,..,..,..,..,..,..,..,13735,9852,5653,5025,3644,3298,43100,52040,57660,74800,79300,72400,57920,49200,38800,46300,29718,32307,27575,19667,14606,17554
Republic of Moldova,Citizenship,Immigrants,Foreigners,..,..,..,..,..,..,..,..,..,..,..,..,..,1764,1538,1334,1552,1457,1504,1513,1314,1291,1294,1616,1701,2053,1966,2066,2745,2002,2503,..,..,..
Republic of Moldova,Residence,Emigrants,Both,..,..,..,..,..,..,..,..,..,..,..,..,..,..,..,..,..,..,..,..,..,..,..,..,..,..,6685,7172,..,..,..,..,..,..
Republic of Moldova,Residence,Immigrants,Both,..,..,..,..,..,..,..,..,..,..,..,..,..,..,..,..,..,..,..,..,..,..,..,..,..,..,1968,2070,..,..,..,..,..,..
Romania,Citizenship,Emigrants,Citizens,..,..,..,..,..,..,..,..,..,..,23888,19307,18104,8814,10146,18706,16767,16883,15202,11283,13438,9023,7465,9886,11890,10301,13296,8589,300465,245127,196550,194090,169200,154374
Romania,Citizenship,Emigrants,Foreigners,..,..,..,..,..,..,..,..,..,..,73041,24853,13048,9632,7000,6969,4759,3062,2334,1311,1315,898,689,787,1192,637,901,241,2331,1499,1435,1461,986,7381
Romania,Citizenship,Immigrants,Citizens,..,..,..,..,..,..,..,..,..,..,..,..,..,..,..,..,..,..,..,..,..,..,..,..,..,..,..,..,126757,124936,136799,138397,155613,138923
Romania,Citizenship,Immigrants,Foreigners,..,..,..,..,..,..,..,..,..,..,..,..,..,..,..,..,..,..,..,..,..,..,..,..,..,..,..,..,12172,10908,13086,9288,11653,14723
Romania,Residence,Emigrants,Both,..,..,..,..,..,..,..,..,..,..,96929,44160,31152,18446,17146,25675,21526,19945,17536,12594,14753,12738,10814,12744,16052,13297,16672,11999,302796,246626,197985,195551,170186,161755
Romania,Residence,Immigrants,Both,..,..,..,..,..,..,..,..,..,..,..,..,..,..,878,4458,2053,6600,11907,10078,11024,10350,6582,3266,2987,3704,7714,9575,138929,8606,149885,147685,167266,153646
Russian Federation,Citizenship,Emigrants,Citizens,..,..,..,..,..,..,..,..,..,..,..,..,..,..,..,..,..,..,..,..,..,..,..,..,..,66820,51791,45071,..,..,..,..,..,..
Russian Federation,Citizenship,Emigrants,Foreigners,..,..,..,..,..,..,..,..,..,..,..,..,..,..,..,..,..,..,..,..,..,..,..,..,..,2978,2270,1943,..,..,..,..,..,..
Russian Federation,Citizenship,Immigrants,Citizens,..,..,..,..,..,..,..,..,..,..,..,..,..,..,..,..,..,..,..,..,..,..,166325,108767,106323,162646,170137,218387,224986,..,..,..,..,..
Russian Federation,Citizenship,Immigrants,Foreigners,..,..,..,..,..,..,..,..,..,..,..,..,..,..,..,..,..,..,..,..,..,..,20061,19894,13114,14584,16243,68583,53305,..,..,..,..,..
Russian Federation,Residence,Emigrants,Both,..,..,..,..,..,..,..,..,..,..,..,675497,673143,483028,337121,339600,288048,232987,213377,214963,145720,121166,106685,94018,79795,69798,54061,47013,39508,32458,33577,..,..,..
Russian Federation,Residence,Immigrants,Both,..,..,..,..,..,..,..,..,..,..,..,692238,926020,923280,1146735,842050,631592,597651,513551,379726,359330,193450,184612,129144,119157,178981,188308,291675,281614,279907,191656,..,..,..
Slovakia,Citizenship,Emigrants,Citizens,..,..,..,..,..,..,..,..,..,..,..,..,..,..,..,..,..,..,..,..,..,851,1341,1166,1523,1704,1560,1574,1547,1432,1512,1703,1923,2732
Slovakia,Citizenship,Emigrants,Foreigners,..,..,..,..,..,..,..,..,..,..,..,..,..,..,..,..,..,..,746,618,811,160,70,3611,5002,1080,1524,1996,3310,3321,2935,160,80,38
Slovakia,Citizenship,Immigrants,Citizens,..,..,..,..,..,..,..,..,..,..,..,..,..,..,..,..,..,..,..,..,..,1492,1854,1989,2471,1745,1302,1417,1350,1205,1111,1078,2479,2674
Slovakia,Citizenship,Immigrants,Foreigners,..,..,..,..,..,..,..,..,..,..,..,..,..,..,..,..,..,..,2052,2072,2274,531,458,4562,7919,7665,11309,14848,16470,14438,12659,3751,2940,2475
Slovakia,Residence,Emigrants,Both,..,..,..,..,..,..,..,..,..,..,..,..,..,7355,154,213,222,572,746,618,811,1011,1411,4777,6525,2784,3084,3570,4857,4753,4447,1863,2003,2770
Slovakia,Residence,Immigrants,Both,..,..,..,..,..,..,..,..,..,..,..,..,..,9109,4923,3055,2477,2303,2052,2072,2274,2023,2312,6551,10390,9410,12611,16265,17820,15643,13770,4829,5419,5149
Slovenia,Citizenship,Emigrants,Citizens,..,..,..,..,..,..,..,..,..,..,..,..,..,..,..,..,803,807,705,963,1559,1442,2624,1887,2265,2077,2703,3178,4766,3717,3905,4679,8191,7789
Slovenia,Citizenship,Emigrants,Foreigners,..,..,..,..,..,..,..,..,..,..,..,..,..,..,..,..,1601,3231,6003,1643,2011,3369,4645,3980,6004,6528,11046,11765,7343,15071,12032,7345,6187,5595
Slovenia,Citizenship,Immigrants,Citizens,..,..,..,..,..,..,..,..,..,..,..,..,..,..,..,..,1500,1093,857,1362,935,1030,1432,1268,1574,1747,1765,1689,2631,2903,2711,3318,2741,2250
Slovenia,Citizenship,Immigrants,Foreigners,..,..,..,..,..,..,..,..,..,..,..,..,..,..,..,..,6414,4666,3746,3579,5250,6773,7702,8011,8597,13294,18251,27504,28062,27393,12705,10765,12281,11621
Slovenia,Residence,Emigrants,Both,..,..,..,..,..,..,..,..,..,..,..,..,..,..,..,..,..,..,6708,2606,3570,4811,7269,5867,8269,8605,13749,14943,12109,18788,15937,12024,14378,13384
Slovenia,Residence,Immigrants,Both,..,..,..,..,..,..,..,..,..,..,7075,5989,3461,2745,1919,5879,9495,7889,4603,4941,6185,7803,9134,9279,10171,15041,20016,29193,30693,30296,15416,14083,15022,13871
Spain,Citizenship,Emigrants,Citizens,..,..,..,..,..,..,..,..,..,..,..,..,..,..,..,..,..,..,..,..,..,..,29674,36646,13156,19290,22042,28091,33506,35989,40157,55473,57266,73329
Spain,Citizenship,Emigrants,Foreigners,..,..,..,..,..,..,..,..,..,..,..,..,..,..,..,..,..,..,..,..,..,..,6931,27652,41936,48721,120254,198974,254926,344132,363220,353561,389340,458974
Spain,Citizenship,Immigrants,Citizens,..,..,..,..,..,..,..,..,..,..,..,..,..,..,..,..,..,..,24032,28243,31587,20724,40175,79543,38717,36573,37873,37732,31710,27602,30425,35450,31571,32422
Spain,Citizenship,Immigrants,Foreigners,..,..,..,..,..,..,..,..,..,..,..,..,..,..,..,..,..,..,57195,99122,330881,394048,443085,592723,645844,682711,802971,920534,567365,365360,330280,335881,272482,248350
Spain,Residence,Emigrants,Both,..,..,..,..,..,..,..,..,..,..,..,..,..,..,..,..,..,..,..,..,..,..,36605,64298,55092,68011,142296,227065,288432,380121,403377,409034,446606,532303
Spain,Residence,Immigrants,Both,20859,9401,15969,17477,17205,20103,14088,16863,24380,33910,33966,24320,38882,33026,34123,36092,29895,57877,81227,127365,362468,414772,483260,672266,684561,719284,840844,958266,599075,392962,360705,371331,304053,280772
Sweden,Citizenship,Emigrants,Citizens,..,..,..,..,..,..,..,..,..,..,..,..,..,..,..,..,..,..,24381,22123,21515,19439,18813,19889,20565,22266,24875,24990,26052,20883,26792,27506,25116,26112
Sweden,Citizenship,Emigrants,Foreigners,..,..,..,..,..,..,..,..,..,..,..,..,..,..,..,..,..,..,14137,13582,12576,12702,14196,15134,16021,15852,20033,20428,19242,18357,22061,23673,26631,24603
Sweden,Citizenship,Immigrants,Citizens,..,..,..,..,..,..,..,..,..,..,..,..,..,..,..,..,..,..,13690,15266,16030,16678,16484,15807,14448,13932,15352,15949,17853,18517,19765,20615,20462,20484
Sweden,Citizenship,Immigrants,Foreigners,..,..,..,..,..,..,..,..,..,..,..,..,..,..,..,..,..,..,35701,34573,42629,44117,47603,47988,47580,51297,80398,83536,83318,83763,79036,75852,82597,95361
Sweden,Residence,Emigrants,Both,31066,29440,28381,25269,22825,22036,24495,20673,21461,21484,25196,24745,25726,29874,32661,33984,33884,38543,38518,35705,34091,32141,33009,35023,36586,38118,44908,45418,45294,39259,48890,51224,51815,50769
Sweden,Residence,Immigrants,Both,39426,32272,30381,27495,31486,33127,39487,42666,51092,65866,60048,49731,45348,61872,83598,45887,39895,44818,49391,49839,58659,60795,64087,63795,62028,65229,95750,99485,101171,102280,98801,96467,103059,115845
Switzerland,Citizenship,Emigrants,Citizens,..,..,..,..,..,..,..,..,..,..,..,29890,30672,27489,29639,30152,31449,30641,30761,29024,30776,25757,..,..,26776,27655,30479,29487,27864,26800,26311,29756,30026,28489
Switzerland,Citizenship,Emigrants,Foreigners,..,..,..,..,..,..,..,..,..,..,..,65926,77836,69944,62637,64076,67273,64265,64017,62780,59302,56478,78425,76756,52950,54435,57739,60688,58266,59236,70528,66738,73855,77707
Switzerland,Citizenship,Immigrants,Citizens,..,..,..,..,..,..,..,..,..,..,..,31673,25299,22083,22538,23010,23232,22083,23753,24276,26102,24331,22326,20971,19354,19179,20409,21779,22668,22354,22283,24104,24006,26054
Switzerland,Citizenship,Immigrants,Foreigners,..,..,..,..,..,..,..,..,..,..,..,97572,91306,88250,86975,76956,64938,62700,72202,83677,84200,98163,103754,98812,100834,99091,107177,143855,161629,138269,139495,124695,125045,134103
Switzerland,Residence,Emigrants,Both,..,..,..,..,..,..,..,..,..,..,..,..,..,..,..,..,..,..,..,91804,..,..,..,..,79726,82090,88218,90175,..,..,..,..,103881,106196
Switzerland,Residence,Immigrants,Both,..,..,..,..,..,..,..,..,..,..,..,..,..,..,..,113696,..,..,95955,107953,..,..,126080,119783,120188,..,127586,165634,..,..,..,148799,149051,160157
The former Yugoslav Republic of Macedonia,Citizenship,Emigrants,Citizens,..,..,..,..,..,..,..,..,..,..,..,..,..,..,..,..,..,..,..,..,146,309,..,..,600,1277,1061,224,733,..,..,1141,1330,..
The former Yugoslav Republic of Macedonia,Citizenship,Emigrants,Foreigners,..,..,..,..,..,..,..,..,..,..,..,..,..,..,..,..,..,..,..,..,16,3,..,..,69,23,47,16,18,..,..,149,85,..
The former Yugoslav Republic of Macedonia,Residence,Emigrants,Both,..,..,..,..,..,..,..,..,..,..,..,..,..,..,..,..,..,..,..,..,165,..,..,..,669,1300,1108,240,751,..,..,1290,1415,..
The former Yugoslav Republic of Macedonia,Residence,Immigrants,Both,..,..,..,..,..,..,..,..,..,..,..,..,..,..,..,..,850,..,..,..,639,458,2259,..,1718,2671,2244,1320,..,..,..,1464,1715,..
Ukraine,Citizenship,Emigrants,Citizens,..,..,..,..,..,..,..,..,..,..,..,..,..,..,..,..,..,..,..,..,84955,77656,68050,57554,41068,31963,27245,..,..,..,..,..,..,..
Ukraine,Citizenship,Emigrants,Foreigners,..,..,..,..,..,..,..,..,..,..,..,..,..,..,..,..,..,..,..,..,12740,9694,7470,5679,3847,2733,2513,..,..,..,..,..,..,..
Ukraine,Citizenship,Immigrants,Citizens,..,..,..,..,..,..,..,..,..,..,..,..,..,..,..,..,..,..,..,..,31357,26416,25272,21660,20054,21530,20699,..,..,..,..,..,..,..
Ukraine,Citizenship,Immigrants,Foreigners,..,..,..,..,..,..,..,..,..,..,..,..,..,..,..,..,..,..,..,..,22355,19349,17201,17829,18513,18050,23528,..,..,..,..,..,..,..
Ukraine,Residence,Emigrants,Both,..,..,..,..,..,..,..,..,..,..,..,..,..,..,..,..,..,..,..,..,100325,88804,76264,63699,46182,34997,29982,..,..,..,..,..,..,..
Ukraine,Residence,Immigrants,Both,..,..,..,..,..,..,..,..,..,..,..,..,..,..,..,..,..,..,..,..,53712,45765,42473,39489,38567,39580,44227,..,..,..,..,..,..,..
United Kingdom of Great Britain and Northern Ireland,Citizenship,Emigrants,Citizens,..,..,..,..,..,..,..,..,..,..,..,..,..,..,..,..,..,..,..,114862,140819,134082,..,..,183146,174270,196080,159339,172576,139805,136002,148729,142711,133576
United Kingdom of Great Britain and Northern Ireland,Citizenship,Emigrants,Foreigners,..,..,..,..,..,..,..,..,..,..,..,..,..,..,..,..,..,..,198934,130478,136744,117287,305931,313960,127243,154138,173390,158248,254631,228372,203304,201974,178506,183358
United Kingdom of Great Britain and Northern Ireland,Citizenship,Immigrants,Citizens,..,..,..,..,..,..,..,..,..,..,..,..,..,..,..,..,..,..,..,115574,103902,105976,94430,106017,85460,89067,77306,71424,85081,95970,93321,78430,80196,76136
United Kingdom of Great Britain and Northern Ireland,Citizenship,Immigrants,Foreigners,..,..,..,..,..,..,..,..,..,..,..,110000,93000,86000,109000,84000,94000,90000,332390,238503,260465,266230,291471,325470,432637,407403,451702,455290,505161,470544,497629,487614,417844,449910
United Kingdom of Great Britain and Northern Ireland,Residence,Emigrants,Both,..,..,..,..,..,..,..,..,..,..,..,..,..,..,..,..,..,..,198934,245340,..,..,305931,313960,310389,328408,369470,317587,427207,368177,339306,350703,321217,316934
United Kingdom of Great Britain and Northern Ireland,Residence,Immigrants,Both,173000,153000,201000,202000,201000,232000,250000,211000,216000,250000,267000,267000,216000,209000,253000,245000,258000,285000,332390,354077,364370,372205,385901,431487,518097,496469,529008,526714,590242,566514,590950,566044,498040,526046
United States of America,Place of birth,Immigrants,Foreigners,530639,596600,594131,559763,543903,570009,601708,601516,643025,1090924,1536483,1827167,973975,904292,804416,720459,915560,797847,653206,644787,841002,1058902,1059356,703542,957883,1122257,1266129,1052415,1107126,1130818,1042625,1062040,1031631,990553
